PassengerId,Survived,Pclass,Name,Sex,Age,SibSp,Parch,Ticket,Fare,Cabin,Embarked
1,0,3,"Braund, Mr. Owen Harris",0,-0.5924805998028931,1,0,A/5 21171,-0.5024451714361923,B96 B98,0
3,1,3,"Heikkinen, Miss. Laina",1,-0.2846631968415396,0,0,STON/O2. 3101282,-0.4888542575852486,B96 B98,0
4,1,1,"Futrelle, Mrs. Jacques Heath (Lily May Peel)",1,0.40792595982150565,1,0,113803,0.4207302360686478,C123,0
5,0,3,"Allen, Mr. William Henry",0,0.40792595982150565,0,0,373450,-0.4863374216869257,B96 B98,0
6,0,3,"Moran, Mr. James",0,0.0,0,0,330877,-0.47811642890864375,B96 B98,2
7,0,1,"McCarthy, Mr. Timothy J",0,1.8700586238879346,0,0,17463,0.395813560675251,E46,0
8,0,3,"Palsson, Master. Gosta Leonard",0,-2.1315676146096605,3,1,349909,-0.22408312108167944,B96 B98,0
9,1,3,"Johnson, Mrs. Oscar W (Elisabeth Vilhelmina Berg)",1,-0.20770884610120124,0,2,347742,-0.4242561406845337,B96 B98,0
10,1,2,"Nasser, Mrs. Nicholas (Adele Achem)",1,-1.2081154057256,1,0,237736,-0.04295550208861426,B96 B98,1
11,1,3,"Sandstrom, Miss. Marguerite Rut",1,-1.9776589131289837,1,1,PP 9549,-0.312172377522981,G6,0
12,1,1,"Bonnell, Miss. Elizabeth",1,2.177876026849288,0,0,113783,-0.11384570873513637,C103,0
13,0,3,"Saundercock, Mr. William Henry",0,-0.7463893012835698,0,0,A/5. 2151,-0.4863374216869257,B96 B98,0
14,0,3,"Andersson, Mr. Anders Johan",0,0.7157433627828591,1,5,347082,-0.01870931177853076,B96 B98,0
15,0,3,"Vestrom, Miss. Hulda Amanda Adolfina",1,-1.2081154057256,0,0,350406,-0.4902797934380587,B96 B98,0
16,1,2,"Hewlett, Mrs. (Mary D Kingcome) ",1,1.947012974628273,0,0,248706,-0.3262666585535892,B96 B98,0
17,0,3,"Rice, Master. Eugene",0,-2.1315676146096605,4,1,382652,-0.06199888922968463,B96 B98,2
18,1,2,"Williams, Mr. Charles Eugene",0,0.0,0,0,244373,-0.3866707201133388,B96 B98,0
19,0,3,"Vander Planke, Mrs. Julius (Emelia Maria Vandemoortele)",1,0.1001085568601522,1,0,345763,-0.2859972841804228,B96 B98,0
20,1,3,"Masselmani, Mrs. Fatima",1,0.0,0,0,2649,-0.5029485386158568,B96 B98,1
21,0,2,"Fynney, Mr. Joseph J",0,0.40792595982150565,0,0,239865,-0.12491978668775715,B96 B98,0
22,1,2,"Beesley, Mr. Lawrence",0,0.3309716090811673,0,0,248698,-0.3866707201133388,D56,0
23,1,3,"McGowan, Miss. Anna ""Annie""",1,-1.1311610549852615,0,0,330923,-0.4867562231804066,B96 B98,2
24,1,1,"Sloper, Mr. William Thompson",0,-0.1307544953608629,0,0,113788,0.06635974158478332,A6,0
25,0,3,"Palsson, Miss. Torborg Danira",1,-1.6698415101676303,3,1,349909,-0.22408312108167944,B96 B98,0
26,1,3,"Asplund, Mrs. Carl Oscar (Selma Augusta Emilia Johansson)",1,0.6387890120425208,1,5,347077,-0.016444159470040135,B96 B98,0
27,0,3,"Emir, Mr. Farred Chehab",0,0.0,0,0,2631,-0.5029485386158568,B96 B98,1
29,1,3,"O'Dwyer, Miss. Ellen ""Nellie""",1,0.0,0,0,330959,-0.48977642625839407,B96 B98,2
30,0,3,"Todoroff, Mr. Lalio",0,0.0,0,0,349216,-0.4894421904510968,B96 B98,0
31,0,1,"Uruchurtu, Don. Manuel E",0,0.7926977135231975,0,0,PC 17601,-0.09027201697708476,B96 B98,1
33,1,3,"Glynn, Miss. Mary Agatha",1,0.0,0,0,335677,-0.49237782784290063,B96 B98,2
34,0,2,"Wheadon, Mr. Edward H",0,2.793510832771995,0,0,C.A. 24579,-0.43700743807979686,B96 B98,0
36,0,1,"Holverson, Mr. Alexander Oskar",0,0.9466064150038742,1,0,113789,0.39858208016340624,B96 B98,0
37,1,3,"Mamee, Mr. Hanna",0,0.0,0,0,2677,-0.5028639729296732,B96 B98,1
38,0,3,"Cann, Mr. Ernest Charles",0,-0.6694349505432314,0,0,A./5. 2152,-0.4863374216869257,B96 B98,0
39,0,3,"Vander Planke, Miss. Augusta Maria",1,-0.9002980027642465,2,0,345764,-0.2859972841804228,B96 B98,0
40,1,3,"Nicola-Yarred, Miss. Jamila",1,-1.2081154057256,1,0,2651,-0.42207354059350805,B96 B98,1
41,0,3,"Ahlin, Mrs. Johan (Johanna Persdotter Larsson)",1,0.7926977135231975,1,0,7546,-0.4576454924460446,B96 B98,0
42,0,2,"Turpin, Mrs. William John Robert (Dorothy Ann Wonnacott)",1,-0.20770884610120124,1,0,11668,-0.22559322262067316,B96 B98,0
43,0,3,"Kraeff, Mr. Theodor",0,0.0,0,0,349253,-0.4894421904510968,B96 B98,1
44,1,2,"Laroche, Miss. Simonne Marie Anne Andree",1,-2.054613263869322,1,2,SC/Paris 2123,0.18876253192945994,B96 B98,1
45,1,3,"Devaney, Miss. Margaret Delia",1,-0.8233436520239081,0,0,330958,-0.48977642625839407,B96 B98,2
46,0,3,"Rogers, Mr. William John",0,0.0,0,0,S.C./A.4. 23567,-0.4863374216869257,B96 B98,0
47,0,3,"Lennon, Mr. Denis",0,0.0,1,0,370371,-0.3363340021468808,B96 B98,2
48,1,3,"O'Driscoll, Miss. Bridget",1,0.0,0,0,14311,-0.49237782784290063,B96 B98,2
49,0,3,"Samaan, Mr. Youssef",0,0.0,2,0,2662,-0.21191774308354583,B96 B98,1
50,0,3,"Arnold-Franchi, Mrs. Josef (Josefine Franchi)",1,-0.9002980027642465,1,0,349237,-0.29002422161773944,B96 B98,0
51,0,3,"Panula, Master. Juha Niilo",0,-1.7467958609079686,4,1,3101295,0.1506737441786005,B96 B98,0
52,0,3,"Nosworthy, Mr. Richard Cater",0,-0.6694349505432314,0,0,A/4. 39886,-0.4913710934835715,B96 B98,0
54,1,2,"Faunthorpe, Mrs. Lizzie (Elizabeth Anne Wilkinson)",1,-0.05380014462052453,1,0,2926,-0.12491978668775715,B96 B98,0
55,0,1,"Ostby, Mr. Engelhart Cornelius",0,2.7165564820316566,0,1,113509,0.5995101505357573,B30,1
56,1,1,"Woolner, Mr. Hugh",0,0.0,0,0,19947,0.06635974158478332,C52,0
57,1,2,"Rugg, Miss. Emily",1,-0.6694349505432314,0,0,C.A. 31026,-0.43700743807979686,B96 B98,0
58,0,3,"Novel, Mr. Mansouer",0,-0.0922773199906937,0,0,2697,-0.5028639729296732,B96 B98,1
59,1,2,"West, Miss. Constance Mirium",1,-1.9007045623886454,1,2,C.A. 34651,-0.08968408411123653,B96 B98,0
60,0,3,"Goodwin, Master. William Frederick",0,-1.4389784579466152,5,2,CA 2144,0.2958951755118318,B96 B98,0
61,0,3,"Sirayanian, Mr. Orsen",0,-0.5924805998028931,0,0,2669,-0.5028639729296732,B96 B98,1
64,0,3,"Skoog, Master. Harald",0,-1.9776589131289837,3,2,347088,-0.08666388103324908,B96 B98,0
65,0,1,"Stewart, Mr. Albert A",0,0.0,0,0,PC 17605,-0.09027201697708476,B96 B98,1
66,1,3,"Moubarek, Master. Gerios",0,0.0,1,1,2661,-0.3414522396297103,B96 B98,1
67,1,2,"Nye, Mrs. (Elizabeth Ramell)",1,-0.05380014462052453,0,0,C.A. 29395,-0.43700743807979686,F33,0
68,0,3,"Crease, Mr. Ernest James",0,-0.8233436520239081,0,0,S.P. 3464,-0.4841568350646187,B96 B98,0
69,1,3,"Andersson, Miss. Erna Alexandra",1,-0.977252353504585,4,2,3101281,-0.4888542575852486,B96 B98,0
70,0,3,"Kink, Mr. Vincenz",0,-0.2846631968415396,2,0,315151,-0.47400492578514347,B96 B98,0
71,0,2,"Jenkin, Mr. Stephen Curnow",0,0.17706290760049057,0,0,C.A. 33111,-0.43700743807979686,B96 B98,0
72,0,3,"Goodwin, Miss. Lillian Amy",1,-1.0542067042449232,5,2,CA 2144,0.2958951755118318,B96 B98,0
74,0,3,"Chronopoulos, Mr. Apostolos",0,-0.2846631968415396,1,0,2680,-0.3573908580066095,B96 B98,1
75,1,3,"Bing, Mr. Lee",0,0.17706290760049057,0,0,1601,0.48910360681684706,B96 B98,0
76,0,3,"Moen, Mr. Sigurd Hansen",0,-0.361617547581878,0,0,348123,-0.494391296561559,F G73,0
77,0,3,"Staneff, Mr. Ivan",0,0.0,0,0,349208,-0.4894421904510968,B96 B98,0
78,0,3,"Moutal, Mr. Rahamin Haim",0,0.0,0,0,374746,-0.4863374216869257,B96 B98,0
79,1,2,"Caldwell, Master. Alden Gates",0,-2.2216042049758564,0,2,248738,-0.06451572512800753,B96 B98,0
80,1,3,"Dowdell, Miss. Elizabeth",1,0.02315420611981384,0,0,364516,-0.397241430886295,B96 B98,0
81,0,3,"Waelens, Mr. Achille",0,-0.5924805998028931,0,0,345767,-0.46720946885967163,B96 B98,0
82,1,3,"Sheerlinck, Mr. Jan Baptist",0,-0.05380014462052453,0,0,345779,-0.45714212526638004,B96 B98,0
83,1,3,"McDermott, Miss. Brigdet Delia",1,0.0,0,0,330932,-0.49162277707340374,B96 B98,2
84,0,1,"Carrau, Mr. Francisco M",0,-0.1307544953608629,0,0,113059,0.29992211294914856,B96 B98,0
85,1,2,"Ilett, Miss. Bertha",1,-0.977252353504585,0,0,SO/C 14885,-0.43700743807979686,B96 B98,0
86,1,3,"Backstrom, Mrs. Karl Alfred (Maria Mathilda Gustafsson)",1,0.25401725834082894,3,0,3101278,-0.32928686163157667,B96 B98,0
87,0,3,"Ford, Mr. William Neal",0,-1.0542067042449232,1,3,W./C. 6608,0.04370821849987721,B96 B98,0
88,0,3,"Slocovski, Mr. Selman Francis",0,0.0,0,0,SOTON/OQ 392086,-0.4863374216869257,B96 B98,0
90,0,3,"Celotti, Mr. Francesco",0,-0.4385718983222164,0,0,343275,-0.4863374216869257,B96 B98,0
91,0,3,"Christmann, Mr. Emil",0,-0.05380014462052453,0,0,343276,-0.4863374216869257,B96 B98,0
92,0,3,"Andreasson, Mr. Paul Edvin",0,-0.7463893012835698,0,0,347466,-0.4902797934380587,B96 B98,0
93,0,1,"Chaffee, Mr. Herbert Fuller",0,1.2544238179652276,1,0,W.E.P. 5734,0.5833178351003071,E31,0
94,0,3,"Dean, Mr. Bertram Frank",0,-0.2846631968415396,1,2,C.A. 2315,-0.23415046467497105,B96 B98,0
95,0,3,"Coxon, Mr. Daniel",0,2.2548303775896263,0,0,364500,-0.5024451714361923,B96 B98,0
96,0,3,"Shorney, Mr. Charles Joseph",0,0.0,0,0,374910,-0.4863374216869257,B96 B98,0
97,0,1,"Goldschmidt, Mr. George B",0,3.1782825864736868,0,0,PC 17754,0.0493298231623713,A5,1
98,1,1,"Greenfield, Mr. William Bertram",0,-0.5155262490625547,0,1,PC 17759,0.6272778976347743,D10 D12,1
99,1,2,"Doling, Mrs. John T (Ada Julia Bone)",1,0.3309716090811673,0,1,231919,-0.18532384824750675,B96 B98,0
100,0,2,"Kantor, Mr. Sinai",0,0.3309716090811673,1,0,244367,-0.12491978668775715,B96 B98,0
101,0,3,"Petranec, Miss. Matilda",1,-0.1307544953608629,0,0,349245,-0.4894421904510968,B96 B98,0
102,0,3,"Petroff, Mr. Pastcho (""Pentcho"")",0,0.0,0,0,349215,-0.4894421904510968,B96 B98,0
104,0,3,"Johansson, Mr. Gustaf Joel",0,0.25401725834082894,0,0,7540,-0.4741720436887921,B96 B98,0
105,0,3,"Gustafsson, Mr. Anders Vilhelm",0,0.5618346613021824,2,0,3101276,-0.4888542575852486,B96 B98,0
106,0,3,"Mionoff, Mr. Stoytcho",0,-0.1307544953608629,0,0,349207,-0.4894421904510968,B96 B98,0
107,1,3,"Salkjelsvik, Miss. Anna Kristine",1,-0.6694349505432314,0,0,343120,-0.494391296561559,B96 B98,0
108,1,3,"Moss, Mr. Albert Johan",0,0.0,0,0,312991,-0.4918744606632361,B96 B98,0
109,0,3,"Rekic, Mr. Tido",0,0.6387890120425208,0,0,349249,-0.4894421904510968,B96 B98,0
110,1,3,"Moran, Miss. Bertha",1,0.0,1,0,371110,-0.1621689579829361,B96 B98,2
111,0,1,"Porter, Mr. Walter Chamberlain",0,1.3313781687055661,0,0,110465,0.39858208016340624,C110,0
112,0,3,"Zabour, Miss. Hileni",1,-1.169638230355431,1,0,2665,-0.3573908580066095,B96 B98,1
113,0,3,"Barton, Mr. David John",0,-0.5924805998028931,0,0,324669,-0.4863374216869257,B96 B98,0
114,0,3,"Jussila, Miss. Katriina",1,-0.7463893012835698,1,0,4136,-0.4505983519307405,B96 B98,0
115,0,3,"Attalah, Miss. Malake",1,-0.977252353504585,0,0,2627,-0.3573083057891445,B96 B98,1
116,0,3,"Pekoniemi, Mr. Edvard",0,-0.6694349505432314,0,0,STON/O 2. 3101294,-0.4888542575852486,B96 B98,0
117,0,3,"Connors, Mr. Patrick",0,3.139805411103518,0,0,370369,-0.49237782784290063,B96 B98,2
118,0,2,"Turpin, Mr. William John Robert",0,-0.05380014462052453,1,0,11668,-0.22559322262067316,B96 B98,0
120,0,3,"Andersson, Miss. Ellis Anna Maria",1,-2.1315676146096605,4,2,347082,-0.01870931177853076,B96 B98,0
122,0,3,"Moore, Mr. Leonard Charles",0,0.0,0,0,A4. 54510,-0.4863374216869257,B96 B98,0
123,0,2,"Nasser, Mr. Nicholas",0,0.21554008297065974,1,0,237736,-0.04295550208861426,B96 B98,1
124,1,2,"Webber, Miss. Susan",1,0.21554008297065974,0,0,27267,-0.3866707201133388,E101,0
126,1,3,"Nicola-Yarred, Master. Elias",0,-1.3620241072062766,1,0,2651,-0.42207354059350805,B96 B98,1
127,0,3,"McMahon, Mr. Martin",0,0.0,0,0,370372,-0.49237782784290063,B96 B98,2
128,1,3,"Madsen, Mr. Fridtjof Arne",0,-0.4385718983222164,0,0,C 17369,-0.5046257580584992,B96 B98,0
129,1,3,"Peter, Miss. Anna",1,0.0,1,1,2668,-0.19824427701513722,F E69,1
130,0,3,"Ekstrom, Mr. Johan",0,1.1774694672248893,0,0,347061,-0.5079822104125026,B96 B98,0
131,0,3,"Drazenoic, Mr. Jozef",0,0.25401725834082894,0,0,349241,-0.4894421904510968,B96 B98,1
132,0,3,"Coelho, Mr. Domingos Fernandeo",0,-0.7463893012835698,0,0,SOTON/O.Q. 3101307,-0.5064721088735089,B96 B98,0
133,0,3,"Robins, Mrs. Alexander A (Grace Charity Laury)",1,1.3313781687055661,1,0,A/5. 3337,-0.35646868933346404,B96 B98,0
134,1,2,"Weisz, Mrs. Leopold (Mathilde Francoise Pede)",1,-0.05380014462052453,1,0,228414,-0.12491978668775715,B96 B98,0
135,0,2,"Sobey, Mr. Samuel James Hayden",0,-0.361617547581878,0,0,C.A. 29178,-0.3866707201133388,B96 B98,0
136,0,2,"Richard, Mr. Emile",0,-0.5155262490625547,0,0,SC/PARIS 2133,-0.3454791770670269,B96 B98,1
137,1,1,"Newsom, Miss. Helen Monypeny",1,-0.8233436520239081,0,2,11752,-0.11921562980779811,D47,0
138,0,1,"Futrelle, Mr. Jacques Heath",0,0.5618346613021824,1,0,113803,0.4207302360686478,C123,0
139,0,3,"Osen, Mr. Olaf Elon",0,-1.0542067042449232,0,0,7534,-0.4628462821463391,B96 B98,0
141,0,3,"Boulos, Mrs. Joseph (Sultana)",1,0.0,0,2,2678,-0.3414522396297103,B96 B98,1
142,1,3,"Nysten, Miss. Anna Sofia",1,-0.5924805998028931,0,0,347081,-0.49237782784290063,B96 B98,0
143,1,3,"Hakkarainen, Mrs. Pekka Pietari (Elin Matilda Dolck)",1,-0.4385718983222164,1,0,STON/O2. 3101279,-0.32928686163157667,B96 B98,0
144,0,3,"Burke, Mr. Jeremiah",0,-0.8233436520239081,0,0,365222,-0.5125125150294839,B96 B98,2
145,0,2,"Andrew, Mr. Edgardo Samuel",0,-0.9002980027642465,0,0,231945,-0.41687275089321363,B96 B98,0
146,0,2,"Nicholls, Mr. Joseph Charles",0,-0.8233436520239081,1,1,C.A. 33112,0.09152810056801232,B96 B98,0
147,1,3,"Andersson, Mr. August Edvard (""Wennerstrom"")",0,-0.20770884610120124,0,0,350043,-0.49145565916975514,B96 B98,0
148,0,3,"Ford, Miss. Robina Maggie ""Ruby""",1,-1.5928871594272918,2,2,W./C. 6608,0.04370821849987721,B96 B98,0
149,0,2,"Navratil, Mr. Michel (""Louis M Hoffman"")",0,0.5233574859320133,0,2,230080,-0.12491978668775715,F2,0
150,0,2,"Byles, Rev. Thomas Roussel Davids",0,0.9466064150038742,0,0,244310,-0.3866707201133388,B96 B98,0
151,0,2,"Bateman, Rev. Robert James",0,1.6391955716669195,0,0,S.O.P. 1166,-0.39623469652696586,B96 B98,0
153,0,3,"Meo, Mr. Alfonzo",0,1.985490149998442,0,0,A.5. 11206,-0.4863374216869257,B96 B98,0
154,0,3,"van Billiard, Mr. Austin Blyler",0,0.8311748888933667,0,2,A/5. 851,-0.35646868933346404,B96 B98,0
155,0,3,"Olsen, Mr. Ole Martin",0,0.0,0,0,Fa 265302,-0.5011867534870308,B96 B98,0
156,0,1,"Williams, Mr. Charles Duane",0,1.6391955716669195,0,1,PC 17597,0.5874293382238074,B96 B98,1
157,1,3,"Gilnagh, Miss. Katherine ""Katie""",1,-1.0542067042449232,0,0,35851,-0.49271407711891657,B96 B98,2
158,0,3,"Corn, Mr. Harry",0,0.02315420611981384,0,0,SOTON/OQ 392090,-0.4863374216869257,B96 B98,0
159,0,3,"Smiljanic, Mr. Mile",0,0.0,0,0,315037,-0.47400492578514347,B96 B98,0
161,0,3,"Cribb, Mr. John Hatfield",0,1.100515116484551,0,1,371362,-0.32425318983493084,B96 B98,0
162,1,2,"Watt, Mrs. James (Elizabeth ""Bessie"" Inglis Milne)",1,0.7926977135231975,0,0,C.A. 33595,-0.331300330350235,B96 B98,0
163,0,3,"Bengtsson, Mr. John Viktor",0,-0.2846631968415396,0,0,347068,-0.4918744606632361,B96 B98,0
164,0,3,"Calic, Mr. Jovo",0,-0.977252353504585,0,0,315093,-0.47400492578514347,B96 B98,0
165,0,3,"Panula, Master. Eino Viljami",0,-2.208521965349999,4,1,3101295,0.1506737441786005,B96 B98,0
166,1,3,"Goldsmith, Master. Frank John William ""Frankie""",0,-1.5928871594272918,0,2,363291,-0.2351571990343002,B96 B98,0
167,1,1,"Chibnall, Mrs. (Edith Martha Bowerman)",1,0.0,0,1,113505,0.4589861417231558,E33,0
168,0,3,"Skoog, Mrs. William (Anna Bernhardina Karlsson)",1,1.1774694672248893,1,4,347088,-0.08666388103324908,B96 B98,0
169,0,1,"Baumann, Mr. John D",0,0.0,0,0,PC 17318,-0.12642988822675086,B96 B98,0
170,0,3,"Ling, Mr. Lee",0,-0.1307544953608629,0,0,1601,0.48910360681684706,B96 B98,0
171,0,1,"Van der hoef, Mr. Wyckoff",0,2.4087390790703034,0,0,111240,0.026090367211616904,B19,0
172,0,3,"Rice, Master. Arthur",0,-1.9776589131289837,4,1,382652,-0.06199888922968463,B96 B98,2
173,1,3,"Johnson, Miss. Eleanor Ileen",1,-2.208521965349999,1,1,347742,-0.4242561406845337,B96 B98,0
174,0,3,"Sivola, Mr. Antti Wilhelm",0,-0.6694349505432314,0,0,STON/O 2. 3101280,-0.4888542575852486,B96 B98,0
175,0,1,"Smith, Mr. James Clinch",0,2.0239673253686115,0,0,17764,-0.030371322596999754,A7,1
176,0,3,"Klasen, Mr. Klas Albin",0,-0.9002980027642465,1,1,350404,-0.4902797934380587,B96 B98,0
177,0,3,"Lefebre, Master. Henry Forbes",0,0.0,3,1,4133,-0.13565761536436197,B96 B98,0
178,0,1,"Isham, Miss. Ann Elizabeth",1,1.5622412209265812,0,0,PC 17595,-0.07030444769415023,C49,1
179,0,2,"Hale, Mr. Reginald",0,0.02315420611981384,0,0,250653,-0.3866707201133388,B96 B98,0
180,0,3,"Leonard, Mr. Lionel",0,0.48488031056184405,0,0,LINE,-0.6484216535389205,B96 B98,0
182,0,2,"Pernot, Mr. Rene",0,0.0,0,0,SC/PARIS 2131,-0.34539461138084326,B96 B98,1
183,0,3,"Asplund, Master. Clarence Gustaf Hugo",0,-1.5928871594272918,4,2,347077,-0.016444159470040135,B96 B98,0
184,1,2,"Becker, Master. Richard F",0,-2.208521965349999,2,1,230136,0.13683114673782454,F4,0
185,1,3,"Kink-Heilmann, Miss. Luise Gretchen",1,-1.9776589131289837,0,2,315153,-0.20495516825442542,B96 B98,0
186,0,1,"Rood, Mr. Hugh Roscoe",0,0.0,0,0,113767,0.3583127057902398,A32,0
187,1,3,"O'Brien, Mrs. Thomas (Johanna ""Hannah"" Godfrey)",1,0.0,1,0,370365,-0.3363340021468808,B96 B98,2
188,1,1,"Romaine, Mr. Charles Hallace (""Mr C Rolmane"")",0,1.1774694672248893,0,0,111428,-0.11384570873513637,B96 B98,0
189,0,3,"Bourke, Mr. John",0,0.7926977135231975,1,1,364849,-0.3363340021468808,B96 B98,2
190,0,3,"Turcin, Mr. Stjepan",0,0.48488031056184405,0,0,349247,-0.4894421904510968,B96 B98,0
191,1,2,"Pinsky, Mrs. (Rosa)",1,0.17706290760049057,0,0,234604,-0.3866707201133388,B96 B98,0
192,0,2,"Carbines, Mr. William",0,-0.8233436520239081,0,0,28424,-0.3866707201133388,B96 B98,0
193,1,3,"Andersen-Jensen, Miss. Carla Christine Nielsine",1,-0.8233436520239081,1,0,350046,-0.4902797934380587,B96 B98,0
194,1,2,"Navratil, Master. Michel M",0,-2.054613263869322,1,1,230080,-0.12491978668775715,F2,0
195,1,1,"Brown, Mrs. James Joseph (Margaret Tobin)",1,1.100515116484551,0,0,PC 17610,-0.09027201697708476,B4,1
197,0,3,"Mernagh, Mr. Robert",0,0.0,0,0,368703,-0.49237782784290063,B96 B98,2
198,0,3,"Olsen, Mr. Karl Siegwart Andreas",0,0.9466064150038742,0,1,4579,-0.47920571548543794,B96 B98,0
199,1,3,"Madigan, Miss. Margaret ""Maggie""",1,0.0,0,0,370370,-0.49237782784290063,B96 B98,2
200,0,2,"Yrois, Miss. Henriette (""Mrs Harbeck"")",1,-0.4385718983222164,0,0,248747,-0.3866707201133388,B96 B98,0
201,0,3,"Vande Walle, Mr. Nestor Cyriel",0,-0.1307544953608629,0,0,345770,-0.45714212526638004,B96 B98,0
203,0,3,"Johanson, Mr. Jakob Alfred",0,0.3309716090811673,0,0,3101264,-0.5176307525123133,B96 B98,0
204,0,3,"Youseff, Mr. Gerious",0,1.2159466425950585,0,0,2628,-0.5029485386158568,B96 B98,1
205,1,3,"Cohen, Mr. Gurshon ""Gus""",0,-0.9002980027642465,0,0,A/5 3540,-0.4863374216869257,B96 B98,0
206,0,3,"Strom, Miss. Telma Matilda",1,-2.1315676146096605,0,1,347054,-0.43776248884929375,G6,0
207,0,3,"Backstrom, Mr. Karl Alfred",0,0.17706290760049057,1,0,3101278,-0.32928686163157667,B96 B98,0
208,1,3,"Albimona, Mr. Nassef Cassem",0,-0.2846631968415396,0,0,2699,-0.2701412180209885,B96 B98,1
209,1,3,"Carr, Miss. Helen ""Ellen""",1,-1.0542067042449232,0,0,367231,-0.49237782784290063,B96 B98,2
210,1,1,"Blank, Mr. Henry",0,0.7926977135231975,0,0,112277,-0.024246350754841113,A31,1
211,0,3,"Ali, Mr. Ahmed",0,-0.4385718983222164,0,0,SOTON/O.Q. 3101311,-0.5064721088735089,B96 B98,0
212,1,2,"Cameron, Miss. Clear Annie",1,0.40792595982150565,0,0,F.C.C. 13528,-0.22559322262067316,B96 B98,0
213,0,3,"Perkin, Mr. John Henry",0,-0.5924805998028931,0,0,A/5 21174,-0.5024451714361923,B96 B98,0
214,0,2,"Givard, Mr. Hans Kristensen",0,0.02315420611981384,0,0,250646,-0.3866707201133388,B96 B98,0
215,0,3,"Kiernan, Mr. Philip",0,0.0,1,0,367229,-0.49237782784290063,B96 B98,2
217,1,3,"Honkanen, Miss. Eliina",1,-0.20770884610120124,0,0,STON/O2. 3101283,-0.4888542575852486,B96 B98,0
218,0,2,"Jacobsohn, Mr. Sidney Samuel",0,0.9466064150038742,1,0,243847,-0.10478509950117394,B96 B98,0
220,0,2,"Harris, Mr. Walter",0,0.02315420611981384,0,0,W/C 14208,-0.43700743807979686,B96 B98,0
221,1,3,"Sunderland, Mr. Victor Francis",0,-1.0542067042449232,0,0,SOTON/OQ 392089,-0.4863374216869257,B96 B98,0
222,0,2,"Bracken, Mr. James H",0,-0.20770884610120124,0,0,220367,-0.3866707201133388,B96 B98,0
223,0,3,"Green, Mr. George Henry",0,1.6391955716669195,0,0,21440,-0.4863374216869257,B96 B98,0
224,0,3,"Nenkoff, Mr. Christo",0,0.0,0,0,349234,-0.4894421904510968,B96 B98,0
226,0,3,"Berglund, Mr. Karl Ivar Sven",0,-0.5924805998028931,0,0,PP 4348,-0.4601623283443675,B96 B98,0
227,1,2,"Mellors, Mr. William John",0,-0.8233436520239081,0,0,SW/PP 751,-0.43700743807979686,B96 B98,0
228,0,3,"Lovell, Mr. John Hall (""Henry"")",0,-0.7079121259134006,0,0,A/5 21173,-0.5024451714361923,B96 B98,0
229,0,2,"Fahlstrom, Mr. Arne Jonas",0,-0.9002980027642465,0,0,236171,-0.3866707201133388,B96 B98,0
230,0,3,"Lefebre, Miss. Mathilde",1,0.0,3,1,4133,-0.13565761536436197,B96 B98,0
232,0,3,"Larsson, Mr. Bengt Edvin",0,-0.05380014462052453,0,0,347067,-0.4918744606632361,B96 B98,0
233,0,2,"Sjostedt, Mr. Ernst Adolf",0,2.2548303775896263,0,0,237442,-0.3766033765200472,B96 B98,0
234,1,3,"Asplund, Miss. Lillian Gertrud",1,-1.9007045623886454,4,2,347077,-0.016444159470040135,B96 B98,0
235,0,2,"Leyson, Mr. Robert William Norman",0,-0.4385718983222164,0,0,C.A. 29566,-0.43700743807979686,B96 B98,0
236,0,3,"Harknett, Miss. Alice Phoebe",1,0.0,0,0,W./C. 6609,-0.49640476528021726,B96 B98,0
237,0,2,"Hold, Mr. Stephen",0,1.100515116484551,1,0,26707,-0.12491978668775715,B96 B98,0
238,1,2,"Collyer, Miss. Marjorie ""Lottie""",1,-1.6698415101676303,0,2,C.A. 31921,-0.11988611489111134,B96 B98,0
239,0,2,"Pengelly, Mr. Frederick William",0,-0.8233436520239081,0,0,28665,-0.43700743807979686,B96 B98,0
240,0,2,"Hunt, Mr. George Henry",0,0.25401725834082894,0,0,SCO/W 1585,-0.4012683683236117,B96 B98,0
241,0,3,"Zabour, Miss. Thamine",1,0.0,1,0,2665,-0.3573908580066095,B96 B98,1
242,1,3,"Murphy, Miss. Katherine ""Kate""",1,0.0,1,0,367230,-0.3363340021468808,B96 B98,2
243,0,2,"Coleridge, Mr. Reginald Charles",0,-0.05380014462052453,0,0,W./C. 14263,-0.43700743807979686,B96 B98,0
244,0,3,"Maenpaa, Mr. Matti Alexanteri",0,-0.5924805998028931,0,0,STON/O 2. 3101275,-0.5049620073345151,B96 B98,0
245,0,3,"Attalah, Mr. Sleiman",0,0.02315420611981384,0,0,2694,-0.5029485386158568,B96 B98,1
247,0,3,"Lindahl, Miss. Agda Thorilda Viktoria",1,-0.361617547581878,0,0,347071,-0.4918744606632361,B96 B98,0
248,1,2,"Hamalainen, Mrs. William (Anna)",1,-0.4385718983222164,0,2,250649,-0.35646868933346404,B96 B98,0
249,1,1,"Beckwith, Mr. Richard Leonard",0,0.5618346613021824,1,1,11751,0.40974072380221066,D35,0
250,0,2,"Carter, Rev. Ernest Courtenay",0,1.8700586238879346,1,0,244252,-0.12491978668775715,B96 B98,0
251,0,3,"Reed, Mr. James George",0,0.0,0,0,362316,-0.5024451714361923,B96 B98,0
252,0,3,"Strom, Mrs. Wilhelm (Elna Matilda Persson)",1,-0.05380014462052453,1,1,347054,-0.43776248884929375,G6,0
253,0,1,"Stead, Mr. William Thomas",0,2.4856934298106417,0,0,113514,-0.11384570873513637,C87,0
254,0,3,"Lobb, Mr. William Arthur",0,0.02315420611981384,1,0,A/5. 3336,-0.32425318983493084,B96 B98,0
255,0,3,"Rosblom, Mrs. Viktor (Helena Wilhelmina)",1,0.8696520642635358,0,2,370129,-0.2414492887801075,B96 B98,0
256,1,3,"Touma, Mrs. Darwis (Hanne Youssef Razi)",1,-0.05380014462052453,0,2,2650,-0.3414522396297103,B96 B98,1
260,1,2,"Parrish, Mrs. (Lutie Davis)",1,1.5622412209265812,0,1,230433,-0.12491978668775715,B96 B98,0
261,0,3,"Smith, Mr. Thomas",0,0.0,0,0,384461,-0.49237782784290063,B96 B98,2
262,1,3,"Asplund, Master. Edvin Rojj Felix",0,-2.054613263869322,4,2,347077,-0.016444159470040135,B96 B98,0
264,0,1,"Harrison, Mr. William",0,0.7926977135231975,0,0,112059,-0.6484216535389205,B94,0
265,0,3,"Henry, Miss. Delia",1,0.0,0,0,382649,-0.49237782784290063,B96 B98,2
266,0,2,"Reeves, Mr. David",0,0.48488031056184405,0,0,C.A. 17248,-0.43700743807979686,B96 B98,0
267,0,3,"Panula, Mr. Ernesti Arvid",0,-1.0542067042449232,4,1,3101295,0.1506737441786005,B96 B98,0
268,1,3,"Persson, Mr. Ernst Ulrik",0,-0.361617547581878,1,0,347083,-0.4918744606632361,B96 B98,0
271,0,1,"Cairns, Mr. Alexander",0,0.0,0,0,113798,-0.024246350754841113,B96 B98,0
272,1,3,"Tornquist, Mr. William Henry",0,-0.361617547581878,0,0,LINE,-0.6484216535389205,B96 B98,0
273,1,2,"Mellinger, Mrs. (Elizabeth Anne Maidment)",1,0.8696520642635358,0,1,250644,-0.255795253400548,B96 B98,0
274,0,1,"Natsch, Mr. Charles H",0,0.5618346613021824,0,1,PC 17596,-0.05042144409739929,C118,1
275,1,3,"Healy, Miss. Hanora ""Nora""",1,0.0,0,0,370375,-0.49237782784290063,B96 B98,2
277,0,3,"Lindblom, Miss. Augusta Charlotta",1,1.1774694672248893,0,0,347073,-0.49237782784290063,B96 B98,0
278,0,2,"Parkes, Mr. Francis ""Frank""",0,0.0,0,0,239853,-0.6484216535389205,B96 B98,0
279,0,3,"Rice, Master. Eric",0,-1.7467958609079686,4,1,382652,-0.06199888922968463,B96 B98,2
280,1,3,"Abbott, Mrs. Stanton (Rosa Hunt)",1,0.40792595982150565,1,1,C.A. 2673,-0.24069423801061057,B96 B98,0
281,0,3,"Duane, Mr. Frank",0,2.7165564820316566,0,0,336439,-0.49237782784290063,B96 B98,2
282,0,3,"Olsson, Mr. Nils Johan Goransson",0,-0.1307544953608629,0,0,347464,-0.4902797934380587,B96 B98,0
283,0,3,"de Pelsmaeker, Mr. Alfons",0,-1.0542067042449232,0,0,345778,-0.45714212526638004,B96 B98,0
284,1,3,"Dorking, Mr. Edward Arthur",0,-0.8233436520239081,0,0,A/5. 10482,-0.4863374216869257,B96 B98,0
285,0,1,"Smith, Mr. Richard William",0,0.0,0,0,113056,-0.12491978668775715,A19,0
286,0,3,"Stankovic, Mr. Ivan",0,0.25401725834082894,0,0,349239,-0.47400492578514347,B96 B98,1
287,1,3,"de Mulder, Mr. Theodore",0,0.02315420611981384,0,0,345774,-0.45714212526638004,B96 B98,0
288,0,3,"Naidenoff, Mr. Penko",0,-0.5924805998028931,0,0,349206,-0.4894421904510968,B96 B98,0
289,1,2,"Hosono, Mr. Masabumi",0,0.9466064150038742,0,0,237798,-0.3866707201133388,B96 B98,0
290,1,3,"Connolly, Miss. Kate",1,-0.5924805998028931,0,0,370373,-0.49237782784290063,B96 B98,2
293,0,2,"Levy, Mr. Rene Jacques",0,0.48488031056184405,0,0,SC/Paris 2163,-0.3891875560116617,D,1
294,0,3,"Haas, Miss. Aloisia",1,-0.4385718983222164,0,0,349236,-0.4702296719376591,B96 B98,0
295,0,3,"Mineff, Mr. Ivan",0,-0.4385718983222164,0,0,349233,-0.4894421904510968,B96 B98,0
296,0,1,"Lewy, Mr. Ervin G",0,0.0,0,0,PC 17612,-0.09027201697708476,B96 B98,1
297,0,3,"Hanna, Mr. Mansour",0,-0.47704907369238553,0,0,2693,-0.5028639729296732,B96 B98,1
299,1,1,"Saalfeld, Mr. Adolphe",0,0.0,0,0,19988,-0.034313694348132716,C106,0
301,1,3,"Kelly, Miss. Anna Katherine ""Annie Kate""",1,0.0,0,0,9234,-0.49237782784290063,B96 B98,2
302,1,3,"McCoy, Mr. Bernard",0,0.0,2,0,367226,-0.18029017645086096,B96 B98,2
303,0,3,"Johnson, Mr. William Cahoone Jr",0,-0.8233436520239081,0,0,LINE,-0.6484216535389205,B96 B98,0
304,1,2,"Keane, Miss. Nora A",1,0.0,0,0,226593,-0.3997582667846179,E101,2
305,0,3,"Williams, Mr. Howard Hugh ""Harry""",0,0.0,0,0,A/5 2466,-0.4863374216869257,B96 B98,0
309,0,2,"Abelson, Mr. Samuel",0,0.02315420611981384,1,0,P/PP 3381,-0.16518916106092355,B96 B98,1
310,1,1,"Francatelli, Miss. Laura Mabel",1,0.02315420611981384,0,0,PC 17485,0.49782998024351216,E36,1
313,0,2,"Lahtinen, Mrs. William (Anna Sylfven)",1,-0.2846631968415396,1,1,250651,-0.12491978668775715,B96 B98,0
314,0,3,"Hendekovic, Mr. Ignjac",0,-0.1307544953608629,0,0,349243,-0.4894421904510968,B96 B98,0
315,0,2,"Hart, Mr. Benjamin",0,1.0235607657442125,1,1,F.C.C. 13529,-0.11988611489111134,B96 B98,0
316,1,3,"Nilsson, Miss. Helmina Josefina",1,-0.2846631968415396,0,0,347470,-0.4902797934380587,B96 B98,0
317,1,2,"Kantor, Mrs. Sinai (Miriam Sternin)",1,-0.4385718983222164,1,0,244367,-0.12491978668775715,B96 B98,0
318,0,2,"Moraweck, Dr. Ernest",0,1.8700586238879346,0,0,29011,-0.36653603292675563,B96 B98,0
321,0,3,"Dennis, Mr. Samuel",0,-0.5924805998028931,0,0,A/5 21172,-0.5024451714361923,B96 B98,0
322,0,3,"Danoff, Mr. Yoto",0,-0.20770884610120124,0,0,349219,-0.4894421904510968,B96 B98,0
323,1,2,"Slayter, Miss. Hilda Mary",1,0.02315420611981384,0,0,234818,-0.3997582667846179,B96 B98,2
324,1,2,"Caldwell, Mrs. Albert Francis (Sylvia Mae Harbaugh)",1,-0.5924805998028931,1,1,248738,-0.06451572512800753,B96 B98,0
327,0,3,"Nysveen, Mr. Johan Hansen",0,2.4087390790703034,0,0,345364,-0.5228315422126077,B96 B98,0
328,1,2,"Ball, Mrs. (Ada E Hall)",1,0.48488031056184405,0,0,28551,-0.3866707201133388,D,0
329,1,3,"Goldsmith, Mrs. Frank John (Emily Alice Brown)",1,0.1001085568601522,1,1,363291,-0.2351571990343002,B96 B98,0
330,1,1,"Hippach, Miss. Jean Gertrude",1,-1.0542067042449232,0,1,111361,0.5189714017894245,B18,1
331,1,3,"McCoy, Miss. Agnes",1,0.0,2,0,367226,-0.18029017645086096,B96 B98,2
332,0,1,"Partner, Mr. Austen",0,1.2159466425950585,0,0,113043,-0.07458306872129913,C124,0
334,0,3,"Vander Planke, Mr. Leo Edmondus",0,-1.0542067042449232,2,0,345764,-0.2859972841804228,B96 B98,0
336,0,3,"Denkoff, Mr. Mitto",0,0.0,0,0,349225,-0.4894421904510968,B96 B98,0
339,1,3,"Dahl, Mr. Karl Edwart",0,1.1774694672248893,0,0,7598,-0.4863374216869257,B96 B98,0
340,0,1,"Blackwell, Mr. Stephen Weart",0,1.1774694672248893,0,0,113784,0.06635974158478332,T,0
341,1,2,"Navratil, Master. Edmond Roger",0,-2.1315676146096605,1,1,230080,-0.12491978668775715,F2,0
343,0,2,"Collander, Mr. Erik Gustaf",0,-0.1307544953608629,0,0,248740,-0.3866707201133388,B96 B98,0
344,0,2,"Sedgwick, Mr. Charles Frederick Waddington",0,-0.361617547581878,0,0,244361,-0.3866707201133388,B96 B98,0
345,0,2,"Fox, Mr. Stanley Hubert",0,0.48488031056184405,0,0,229236,-0.3866707201133388,B96 B98,0
346,1,2,"Brown, Miss. Amelia ""Mildred""",1,-0.4385718983222164,0,0,248733,-0.3866707201133388,F33,0
347,1,2,"Smith, Miss. Marion Elsie",1,0.7926977135231975,0,0,31418,-0.3866707201133388,B96 B98,0
348,1,3,"Davison, Mrs. Thomas Henry (Mary E Finck)",1,0.0,1,0,386525,-0.32425318983493084,B96 B98,0
349,1,3,"Coutts, Master. William Loch ""William""",0,-2.054613263869322,1,1,C.A. 37671,-0.32828012727224753,B96 B98,0
350,0,3,"Dimic, Mr. Jovan",0,0.9466064150038742,0,0,315088,-0.47400492578514347,B96 B98,0
351,0,3,"Odahl, Mr. Nils Martin",0,-0.5155262490625547,0,0,7267,-0.4626791642426904,B96 B98,0
352,0,1,"Williams-Lambert, Mr. Fletcher Fellows",0,0.0,0,0,113510,0.05629239799149171,C128,0
353,0,3,"Elias, Mr. Tannous",0,-1.1311610549852615,1,1,2695,-0.5028639729296732,B96 B98,1
354,0,3,"Arnold-Franchi, Mr. Josef",0,-0.361617547581878,1,0,349237,-0.29002422161773944,B96 B98,0
355,0,3,"Yousif, Mr. Wazli",0,0.0,0,0,2647,-0.5029485386158568,B96 B98,1
356,0,3,"Vanden Steen, Mr. Leo Peter",0,-0.1307544953608629,0,0,345783,-0.45714212526638004,B96 B98,0
357,1,1,"Bowerman, Miss. Elsie Edith",1,-0.5924805998028931,0,1,113505,0.4589861417231558,E33,0
358,0,2,"Funk, Miss. Annie Clemmer",1,0.6387890120425208,0,0,237671,-0.3866707201133388,B96 B98,0
359,1,3,"McGovern, Miss. Mary",1,0.0,0,0,330931,-0.48977642625839407,B96 B98,2
360,1,3,"Mockler, Miss. Helen Mary ""Ellie""",1,0.0,0,0,330980,-0.48977642625839407,B96 B98,2
361,0,3,"Skoog, Mr. Wilhelm",0,0.7926977135231975,1,4,347088,-0.08666388103324908,B96 B98,0
362,0,2,"del Carlo, Mr. Sebastiano",0,-0.05380014462052453,1,0,SC/PARIS 2167,-0.09027201697708476,B96 B98,1
363,0,3,"Barbara, Mrs. (Catherine David)",1,1.1774694672248893,0,1,2691,-0.3573908580066095,B96 B98,1
364,0,3,"Asim, Mr. Adola",0,0.40792595982150565,0,0,SOTON/O.Q. 3101310,-0.5064721088735089,B96 B98,0
365,0,3,"O'Brien, Mr. Thomas",0,0.0,1,0,370365,-0.3363340021468808,B96 B98,2
366,0,3,"Adahl, Mr. Mauritz Nils Martin",0,0.02315420611981384,0,0,C 7076,-0.5024451714361923,B96 B98,0
368,1,3,"Moussa, Mrs. (Mantoura Boulos)",1,0.0,0,0,2626,-0.5028639729296732,B96 B98,1
369,1,3,"Jermyn, Miss. Annie",1,0.0,0,0,14313,-0.49237782784290063,B96 B98,2
371,1,1,"Harder, Mr. George Achilles",0,-0.361617547581878,1,0,11765,0.4678796330534696,E50,1
372,0,3,"Wiklund, Mr. Jakob Alfred",0,-0.9002980027642465,1,0,3101267,-0.5176307525123133,B96 B98,0
373,0,3,"Beavan, Mr. William Thomas",0,-0.8233436520239081,0,0,323951,-0.4863374216869257,B96 B98,0
375,0,3,"Palsson, Miss. Stina Viola",1,-2.054613263869322,3,1,349909,-0.22408312108167944,B96 B98,0
377,1,3,"Landergren, Miss. Aurora Adelia",1,-0.5924805998028931,0,0,C 7077,-0.5024451714361923,B96 B98,0
379,0,3,"Betros, Mr. Tannous",0,-0.7463893012835698,0,0,2648,-0.5676312212027554,B96 B98,1
380,0,3,"Gustafsson, Mr. Karl Gideon",0,-0.8233436520239081,0,0,347069,-0.4918744606632361,B96 B98,0
382,1,3,"Nakid, Miss. Maria (""Mary"")",1,-2.208521965349999,0,2,2653,-0.33146744825388363,B96 B98,1
383,0,3,"Tikkanen, Mr. Juho",0,0.17706290760049057,0,0,STON/O 2. 3101293,-0.4888542575852486,B96 B98,0
384,1,1,"Holverson, Mrs. Alexander Oskar (Mary Aline Towner)",1,0.40792595982150565,1,0,113789,0.39858208016340624,B96 B98,0
385,0,3,"Plotcharsky, Mr. Vasil",0,0.0,0,0,349227,-0.4894421904510968,B96 B98,0
387,0,3,"Goodwin, Master. Sidney Leonard",0,-2.208521965349999,5,2,CA 2144,0.2958951755118318,B96 B98,0
388,1,2,"Buss, Miss. Kate",1,0.48488031056184405,0,0,27849,-0.3866707201133388,B96 B98,0
389,0,3,"Sadlier, Mr. Matthew",0,0.0,0,0,367655,-0.49279662933638163,B96 B98,2
390,1,2,"Lehmann, Miss. Bertha",1,-0.977252353504585,0,0,SC 1748,-0.40680540729992204,B96 B98,1
392,1,3,"Jansson, Mr. Carl Olof",0,-0.6694349505432314,0,0,350034,-0.49145565916975514,B96 B98,0
393,0,3,"Gustafsson, Mr. Johan Birger",0,-0.1307544953608629,2,0,3101277,-0.4888542575852486,B96 B98,0
395,1,3,"Sandstrom, Mrs. Hjalmar (Agnes Charlotta Bengtsson)",1,-0.4385718983222164,0,2,PP 9549,-0.312172377522981,G6,0
396,0,3,"Johansson, Mr. Erik",0,-0.5924805998028931,0,0,350052,-0.49145565916975514,B96 B98,0
397,0,3,"Olsson, Miss. Elina",1,0.1001085568601522,0,0,350407,-0.4902797934380587,B96 B98,0
398,0,2,"McKane, Mr. Peter David",0,1.2544238179652276,0,0,28403,-0.12491978668775715,B96 B98,0
399,0,2,"Pain, Dr. Alfred",0,-0.5155262490625547,0,0,244278,-0.43700743807979686,B96 B98,0
400,1,2,"Trout, Mrs. William H (Jessie L)",1,-0.1307544953608629,0,0,240929,-0.393717860628643,B96 B98,0
401,1,3,"Niskanen, Mr. Juha",0,0.7157433627828591,0,0,STON/O 2. 3101289,-0.4888542575852486,B96 B98,0
402,0,3,"Adams, Mr. John",0,-0.2846631968415396,0,0,341826,-0.4863374216869257,B96 B98,0
403,0,3,"Jussila, Miss. Mari Aina",1,-0.6694349505432314,1,0,4137,-0.4505983519307405,B96 B98,0
404,0,3,"Hakkarainen, Mr. Pekka Pietari",0,-0.1307544953608629,1,0,STON/O2. 3101279,-0.32928686163157667,B96 B98,0
405,0,3,"Oreskovic, Miss. Marija",1,-0.7463893012835698,0,0,315096,-0.47400492578514347,B96 B98,0
406,0,2,"Gale, Mr. Shadrach",0,0.3309716090811673,1,0,28664,-0.22559322262067316,B96 B98,0
407,0,3,"Widegren, Mr. Carl/Charles Peter",0,1.6391955716669195,0,0,347064,-0.49237782784290063,B96 B98,0
408,1,2,"Richards, Master. William Rowe",0,-2.054613263869322,1,1,29106,-0.2708962687904854,B96 B98,0
409,0,3,"Birkeland, Mr. Hans Martin Monsen",0,-0.6694349505432314,0,0,312992,-0.4918744606632361,B96 B98,0
410,0,3,"Lefebre, Miss. Ida",1,0.0,3,1,4133,-0.13565761536436197,B96 B98,0
411,0,3,"Sdycoff, Mr. Todor",0,0.0,0,0,349222,-0.4894421904510968,B96 B98,0
412,0,3,"Hart, Mr. Henry",0,0.0,0,0,394140,-0.5103319284071769,B96 B98,2
414,0,2,"Cunningham, Mr. Alfred Fleming",0,0.0,0,0,239853,-0.6484216535389205,B96 B98,0
415,1,3,"Sundman, Mr. Johan Julian",0,1.100515116484551,0,0,STON/O 2. 3101269,-0.4888542575852486,B96 B98,0
416,0,3,"Meek, Mrs. Thomas (Annie Louise Rowley)",1,0.0,0,0,343095,-0.4863374216869257,B96 B98,0
417,1,2,"Drew, Mrs. James Vivian (Lulu Thorne Christian)",1,0.3309716090811673,1,1,28220,0.005955680025033696,B96 B98,0
418,1,2,"Silven, Miss. Lyyli Karoliina",1,-0.9002980027642465,0,2,250652,-0.3866707201133388,B96 B98,0
419,0,2,"Matthews, Mr. William John",0,0.02315420611981384,0,0,28228,-0.3866707201133388,B96 B98,0
420,0,3,"Van Impe, Miss. Catharina",1,-1.5159328086869535,0,2,345773,-0.1621689579829361,B96 B98,0
421,0,3,"Gheorgheff, Mr. Stanio",0,0.0,0,0,349254,-0.4894421904510968,B96 B98,1
422,0,3,"Charters, Mr. David",0,-0.6694349505432314,0,0,A/5. 13032,-0.49271407711891657,B96 B98,2
423,0,3,"Zimmerman, Mr. Leo",0,-0.05380014462052453,0,0,315082,-0.4898609919445778,B96 B98,0
424,0,3,"Danbom, Mrs. Ernst Gilbert (Anna Sigrid Maria Brogren)",1,-0.1307544953608629,1,1,347080,-0.35848215805212236,B96 B98,0
425,0,3,"Rosblom, Mr. Viktor Richard",0,-0.9002980027642465,1,1,370129,-0.2414492887801075,B96 B98,0
426,0,3,"Wiseman, Mr. Phillippe",0,0.0,0,0,A/4. 34244,-0.5024451714361923,B96 B98,0
427,1,2,"Clarke, Mrs. Charles V (Ada Maria Winfield)",1,-0.1307544953608629,1,0,2003,-0.12491978668775715,B96 B98,0
428,1,2,"Phillips, Miss. Kate Florence (""Mrs Kate Louise Phillips Marshall"")",1,-0.8233436520239081,0,0,250655,-0.12491978668775715,B96 B98,0
429,0,3,"Flynn, Mr. James",0,0.0,0,0,364851,-0.49237782784290063,B96 B98,2
430,1,3,"Pickard, Mr. Berk (Berk Trembisky)",0,0.17706290760049057,0,0,SOTON/O.Q. 392078,-0.4863374216869257,E10,0
431,1,1,"Bjornstrom-Steffansson, Mr. Mauritz Hakan",0,-0.1307544953608629,0,0,110564,-0.11384570873513637,C52,0
432,1,3,"Thorneycroft, Mrs. Percival (Florence Kate White)",1,0.0,1,0,376564,-0.32425318983493084,B96 B98,0
433,1,2,"Louch, Mrs. Charles Alexander (Alice Adelaide Slow)",1,0.9466064150038742,1,0,SC/AH 3085,-0.12491978668775715,B96 B98,0
434,0,3,"Kallio, Mr. Nikolai Erland",0,-0.977252353504585,0,0,STON/O 2. 3101274,-0.5049620073345151,B96 B98,0
435,0,1,"Silvey, Mr. William Baird",0,1.5622412209265812,1,0,13507,0.4771073601910807,E44,0
437,0,3,"Ford, Miss. Doolina Margaret ""Daisy""",1,-0.6694349505432314,2,2,W./C. 6608,0.04370821849987721,B96 B98,0
438,1,2,"Richards, Mrs. Sidney (Emily Hocking)",1,-0.4385718983222164,2,3,29106,-0.2708962687904854,B96 B98,0
440,0,2,"Kvillner, Mr. Johan Henrik Johannesson",0,0.1001085568601522,0,0,C.A. 18723,-0.43700743807979686,B96 B98,0
441,1,2,"Hart, Mrs. Benjamin (Esther Ada Bloomfield)",1,1.1774694672248893,1,1,F.C.C. 13529,-0.11988611489111134,B96 B98,0
442,0,3,"Hampe, Mr. Leon",0,-0.7463893012835698,0,0,345769,-0.45714212526638004,B96 B98,0
443,0,3,"Petterson, Mr. Johan Emil",0,-0.361617547581878,1,0,347076,-0.4918744606632361,B96 B98,0
444,1,2,"Reynaldo, Ms. Encarnacion",1,-0.1307544953608629,0,0,230434,-0.3866707201133388,B96 B98,0
445,1,3,"Johannesen-Bratthammer, Mr. Bernt",0,0.0,0,0,65306,-0.48507900373776425,B96 B98,0
447,1,2,"Mellinger, Miss. Madeleine Violet",1,-1.2850697564659384,0,1,250644,-0.255795253400548,B96 B98,0
448,1,1,"Seward, Mr. Frederic Kimber",0,0.3309716090811673,0,0,113794,-0.11384570873513637,B96 B98,0
449,1,3,"Baclini, Miss. Marie Catherine",1,-1.9007045623886454,2,1,2666,-0.26066180729354516,B96 B98,1
450,1,1,"Peuchen, Major. Arthur Godfrey",0,1.7161499224072578,0,0,113786,-0.034313694348132716,C104,0
451,0,2,"West, Mr. Edwy Arthur",0,0.48488031056184405,1,2,C.A. 34651,-0.08968408411123653,B96 B98,0
452,0,3,"Hagland, Mr. Ingvald Olai Olsen",0,0.0,1,0,65303,-0.2463983948905696,B96 B98,0
453,0,1,"Foreman, Mr. Benjamin Laventall",0,0.02315420611981384,0,0,113051,-0.08968408411123653,C111,1
455,0,3,"Peduzzi, Mr. Joseph",0,0.0,0,0,A/5 2817,-0.4863374216869257,B96 B98,0
456,1,3,"Jalsevac, Mr. Ivan",0,-0.05380014462052453,0,0,349240,-0.4894421904510968,B96 B98,1
457,0,1,"Millet, Mr. Francis Davis",0,2.7165564820316566,0,0,13509,-0.11384570873513637,E38,0
458,1,1,"Kenyon, Mrs. Frederick R (Marion)",1,0.0,1,0,17464,0.395813560675251,D21,0
459,1,2,"Toomey, Miss. Ellen",1,1.5622412209265812,0,0,F.C.C. 13531,-0.43700743807979686,B96 B98,0
460,0,3,"O'Connor, Mr. Maurice",0,0.0,0,0,371060,-0.49237782784290063,B96 B98,2
461,1,1,"Anderson, Mr. Harry",0,1.4083325194459044,0,0,19952,-0.11384570873513637,E12,0
462,0,3,"Morley, Mr. William",0,0.3309716090811673,0,0,364506,-0.4863374216869257,B96 B98,0
463,0,1,"Gee, Mr. Arthur H",0,1.3313781687055661,0,0,111320,0.12676380314453292,E63,0
464,0,2,"Milling, Mr. Jacob Christian",0,1.4083325194459044,0,0,234360,-0.3866707201133388,B96 B98,0
465,0,3,"Maisner, Mr. Simon",0,0.0,0,0,A/S 2816,-0.4863374216869257,B96 B98,0
466,0,3,"Goncalves, Mr. Manuel Estanslas",0,0.6387890120425208,0,0,SOTON/O.Q. 3101306,-0.5064721088735089,B96 B98,0
467,0,2,"Campbell, Mr. William",0,0.0,0,0,239853,-0.6484216535389205,B96 B98,0
468,0,1,"Smart, Mr. John Montgomery",0,2.0239673253686115,0,0,113792,-0.11384570873513637,B96 B98,0
469,0,3,"Scanlan, Mr. James",0,0.0,0,0,36209,-0.4928811950225652,B96 B98,2
470,1,3,"Baclini, Miss. Helene Barbara",1,-2.2277605530350835,2,1,2666,-0.26066180729354516,B96 B98,1
471,0,3,"Keefe, Mr. Arthur",0,0.0,0,0,323592,-0.5024451714361923,B96 B98,0
472,0,3,"Cacic, Mr. Luka",0,0.6387890120425208,0,0,315089,-0.47400492578514347,B96 B98,0
473,1,2,"West, Mrs. Edwy Arthur (Ada Mary Worth)",1,0.25401725834082894,1,2,C.A. 34651,-0.08968408411123653,B96 B98,0
474,1,2,"Jerwan, Mrs. Amin S (Marie Marthe Thuillard)",1,-0.5155262490625547,0,0,SC/AH Basle 541,-0.3707300882677209,D,1
475,0,3,"Strandberg, Miss. Ida Sofia",1,-0.5924805998028931,0,0,7553,-0.45034666834090825,B96 B98,0
476,0,1,"Clifford, Mr. George Quincy",0,0.0,0,0,110465,0.39858208016340624,A14,0
477,0,2,"Renouf, Mr. Peter Henry",0,0.3309716090811673,1,0,31027,-0.22559322262067316,B96 B98,0
478,0,3,"Braund, Mr. Lewis Richard",0,-0.05380014462052453,1,0,3460,-0.5065566745596926,B96 B98,0
479,0,3,"Karlsson, Mr. Nils August",0,-0.5924805998028931,0,0,350060,-0.4969926981460655,B96 B98,0
480,1,3,"Hirvonen, Miss. Hildur E",1,-2.1315676146096605,0,1,3101298,-0.4010166847337793,B96 B98,0
481,0,3,"Goodwin, Master. Harold Victor",0,-1.5928871594272918,5,2,CA 2144,0.2958951755118318,B96 B98,0
482,0,2,"Frost, Mr. Anthony Wood ""Archie""",0,0.0,0,0,239854,-0.6484216535389205,B96 B98,0
483,0,3,"Rouse, Mr. Richard Henry",0,1.5622412209265812,0,0,A/5 3594,-0.4863374216869257,B96 B98,0
484,1,3,"Turkula, Mrs. (Hedwig)",1,2.56264778055098,0,0,4134,-0.455380340137554,B96 B98,0
486,0,3,"Lefebre, Miss. Jeannie",1,0.0,3,1,4133,-0.13565761536436197,B96 B98,0
488,0,1,"Kent, Mr. Edward Austin",0,2.177876026849288,0,0,11771,-0.05042144409739929,B37,1
489,0,3,"Somerton, Mr. Francis William",0,0.02315420611981384,0,0,A.5. 18509,-0.4863374216869257,B96 B98,0
490,1,3,"Coutts, Master. Eden Leslie ""Neville""",0,-1.5928871594272918,1,1,C.A. 37671,-0.32828012727224753,B96 B98,0
491,0,3,"Hagland, Mr. Konrad Mathias Reiersen",0,0.0,1,0,65304,-0.2463983948905696,B96 B98,0
492,0,3,"Windelov, Mr. Einar",0,-0.6694349505432314,0,0,SOTON/OQ 3101317,-0.5024451714361923,B96 B98,0
493,0,1,"Molson, Mr. Harry Markland",0,1.947012974628273,0,0,113787,-0.034313694348132716,C30,0
494,0,1,"Artagaveytia, Mr. Ramon",0,3.1782825864736868,0,0,PC 17609,0.3483299278831318,B96 B98,1
495,0,3,"Stanley, Mr. Edward Roland",0,-0.6694349505432314,0,0,A/4 45380,-0.4863374216869257,B96 B98,0
496,0,3,"Yousseff, Mr. Gerious",0,0.0,0,0,2627,-0.3573083057891445,B96 B98,1
498,0,3,"Shellard, Mr. Frederick William",0,0.0,0,0,C.A. 6212,-0.3443878770215141,B96 B98,0
500,0,3,"Svensson, Mr. Olof",0,-0.4385718983222164,0,0,350035,-0.49145565916975514,B96 B98,0
501,0,3,"Calic, Mr. Petar",0,-0.977252353504585,0,0,315086,-0.47400492578514347,B96 B98,0
502,0,3,"Canavan, Miss. Mary",1,-0.6694349505432314,0,0,364846,-0.49237782784290063,B96 B98,2
503,0,3,"O'Sullivan, Miss. Bridget Mary",1,0.0,0,0,330909,-0.4948100980550399,B96 B98,2
504,0,3,"Laitinen, Miss. Kristina Sofia",1,0.5618346613021824,0,0,4135,-0.455380340137554,B96 B98,0
507,1,2,"Quick, Mrs. Frederick Charles (Jane Richards)",1,0.25401725834082894,0,2,26360,-0.12491978668775715,B96 B98,0
508,1,1,"Bradley, Mr. George (""George Arthur Brayton"")",0,0.0,0,0,111427,-0.11384570873513637,B96 B98,0
509,0,3,"Olsen, Mr. Henry Margido",0,-0.1307544953608629,0,0,C 4001,-0.1948878246611338,B96 B98,0
510,1,3,"Lang, Mr. Fang",0,-0.2846631968415396,0,0,1601,0.48910360681684706,B96 B98,0
511,1,3,"Daly, Mr. Eugene Patrick",0,-0.05380014462052453,0,0,382651,-0.49237782784290063,B96 B98,2
512,0,3,"Webber, Mr. James",0,0.0,0,0,SOTON/OQ 3101316,-0.4863374216869257,B96 B98,0
513,1,1,"McGough, Mr. James Robert",0,0.48488031056184405,0,0,PC 17473,-0.11913106412161445,E25,0
514,1,1,"Rothschild, Mrs. Martin (Elizabeth L. Barrett)",1,1.8700586238879346,1,0,PC 17603,0.5475787653441219,B96 B98,1
515,0,3,"Coleff, Mr. Satio",0,-0.4385718983222164,0,0,349209,-0.4974960653257301,B96 B98,0
516,0,1,"Walker, Mr. William Anderson",0,1.3313781687055661,0,0,36967,0.036576512298389464,D46,0
517,1,2,"Lemore, Mrs. (Amelia Milley)",1,0.3309716090811673,0,0,C.A. 34260,-0.43700743807979686,F33,0
518,0,3,"Ryan, Mr. Patrick",0,0.0,0,0,371110,-0.1621689579829361,B96 B98,2
519,1,2,"Angle, Mrs. William A (Florence ""Mary"" Agnes Hughes)",1,0.48488031056184405,1,0,226875,-0.12491978668775715,B96 B98,0
520,0,3,"Pavlovic, Mr. Stefo",0,0.17706290760049057,0,0,349242,-0.4894421904510968,B96 B98,0
522,0,3,"Vovk, Mr. Janko",0,-0.5924805998028931,0,0,349252,-0.4894421904510968,B96 B98,0
523,0,3,"Lahoud, Mr. Sarkis",0,0.0,0,0,2624,-0.5029485386158568,B96 B98,1
524,1,1,"Hippach, Mrs. Louis Albert (Ida Sophia Fischer)",1,1.100515116484551,0,1,111361,0.5189714017894245,B18,1
525,0,3,"Kassem, Mr. Fared",0,0.0,0,0,2700,-0.5028639729296732,B96 B98,1
526,0,3,"Farrell, Mr. James",0,0.8311748888933667,0,0,367232,-0.49237782784290063,B96 B98,2
527,1,2,"Ridsdale, Miss. Lucy",1,1.5622412209265812,0,0,W./C. 14258,-0.43700743807979686,B96 B98,0
529,0,3,"Salonen, Mr. Johan Werner",0,0.7157433627828591,0,0,3101296,-0.4888542575852486,B96 B98,0
530,0,2,"Hocking, Mr. Richard George",0,-0.5155262490625547,2,1,29104,-0.41687275089321363,B96 B98,0
531,1,2,"Quick, Miss. Phyllis May",1,-2.1315676146096605,1,1,26360,-0.12491978668775715,B96 B98,0
532,0,3,"Toufik, Mr. Nakli",0,0.0,0,0,2641,-0.5028639729296732,B96 B98,1
533,0,3,"Elias, Mr. Joseph Jr",0,-0.977252353504585,1,1,2690,-0.5028639729296732,B96 B98,1
534,1,3,"Peter, Mrs. Catherine (Catherine Rizk)",1,0.0,0,2,2668,-0.19824427701513722,B96 B98,1
535,0,3,"Cacic, Miss. Marija",1,0.02315420611981384,0,0,315084,-0.47400492578514347,B96 B98,0
536,1,2,"Hart, Miss. Eva Miriam",1,-1.7467958609079686,0,2,F.C.C. 13529,-0.11988611489111134,B96 B98,0
537,0,1,"Butt, Major. Archibald Willingham",0,1.1774694672248893,0,0,113050,-0.11384570873513637,B38,0
539,0,3,"Risien, Mr. Samuel Beard",0,0.0,0,0,364498,-0.35646868933346404,B96 B98,0
540,1,1,"Frolicher, Miss. Hedwig Margaritha",1,-0.5924805998028931,0,2,13568,0.3482453621969482,B39,1
542,0,3,"Andersson, Miss. Ingeborg Constanzia",1,-1.5928871594272918,4,2,347082,-0.01870931177853076,B96 B98,0
543,0,3,"Andersson, Miss. Sigrid Elisabeth",1,-1.4389784579466152,4,2,347082,-0.01870931177853076,B96 B98,0
544,1,2,"Beane, Mr. Edward",0,0.17706290760049057,1,0,2908,-0.12491978668775715,B96 B98,0
546,0,1,"Nicholson, Mr. Arthur Ernest",0,2.6396021312913183,0,0,693,-0.12491978668775715,B96 B98,0
547,1,2,"Beane, Mrs. Edward (Ethel Clarke)",1,-0.8233436520239081,1,0,2908,-0.12491978668775715,B96 B98,0
548,1,2,"Padro y Manent, Mr. Julian",0,0.0,0,0,SC/PARIS 2146,-0.3693045524149108,B96 B98,1
549,0,3,"Goldsmith, Mr. Frank John",0,0.25401725834082894,1,1,363291,-0.2351571990343002,B96 B98,0
550,1,2,"Davies, Master. John Morgan Jr",0,-1.6698415101676303,1,1,C.A. 33112,0.09152810056801232,B96 B98,0
552,0,2,"Sharp, Mr. Percival James R",0,-0.20770884610120124,0,0,244358,-0.12491978668775715,B96 B98,0
553,0,3,"O'Brien, Mr. Timothy",0,0.0,0,0,330979,-0.49078316061772326,B96 B98,2
554,1,3,"Leeni, Mr. Fahim (""Philip Zenni"")",0,-0.5924805998028931,0,0,2620,-0.5029485386158568,B96 B98,1
555,1,3,"Ohman, Miss. Velin",1,-0.5924805998028931,0,0,347085,-0.4918744606632361,B96 B98,0
556,0,1,"Wright, Mr. George",0,2.4856934298106417,0,0,113807,-0.11384570873513637,B96 B98,0
557,1,1,"Duff Gordon, Lady. (Lucille Christiana Sutherland) (""Mrs Morgan"")",1,1.4083325194459044,1,0,11755,0.1489119590497745,A16,1
560,1,3,"de Messemaeker, Mrs. Guillaume Joseph (Emma)",1,0.48488031056184405,1,0,345572,-0.29807809649237277,B96 B98,0
561,0,3,"Morrow, Mr. Thomas Rowan",0,0.0,0,0,372622,-0.49237782784290063,B96 B98,2
562,0,3,"Sivic, Mr. Husein",0,0.7926977135231975,0,0,349251,-0.4894421904510968,B96 B98,0
563,0,2,"Norman, Mr. Robert Douglas",0,-0.1307544953608629,0,0,218629,-0.3766033765200472,B96 B98,0
564,0,3,"Simmons, Mr. John",0,0.0,0,0,SOTON/OQ 392082,-0.4863374216869257,B96 B98,0
565,0,3,"Meanwell, Miss. (Marion Ogden)",1,0.0,0,0,SOTON/O.Q. 392087,-0.4863374216869257,B96 B98,0
566,0,3,"Davies, Mr. Alfred J",0,-0.4385718983222164,2,0,A/4 48871,-0.1621689579829361,B96 B98,0
567,0,3,"Stoytcheff, Mr. Ilia",0,-0.8233436520239081,0,0,349205,-0.4894421904510968,B96 B98,0
568,0,3,"Palsson, Mrs. Nils (Alma Cornelia Berglund)",1,-0.05380014462052453,0,4,349909,-0.22408312108167944,B96 B98,0
569,0,3,"Doharr, Mr. Tannous",0,0.0,0,0,2686,-0.5028639729296732,B96 B98,1
570,1,3,"Jonsson, Mr. Carl",0,0.17706290760049057,0,0,350417,-0.4902797934380587,B96 B98,0
571,1,2,"Harris, Mr. George",0,2.4856934298106417,0,0,S.W./PP 752,-0.43700743807979686,B96 B98,0
572,1,1,"Appleton, Mrs. Edward Dale (Charlotte Lamson)",1,1.7931042731475964,2,0,11769,0.38809593507663365,C101,0
573,1,1,"Flynn, Mr. John Irwin (""Irving"")",0,0.48488031056184405,0,0,PC 17474,-0.11711759540295616,E25,0
574,1,3,"Kelly, Miss. Mary",1,0.0,0,0,14312,-0.49237782784290063,B96 B98,2
575,0,3,"Rush, Mr. Alfred George John",0,-1.0542067042449232,0,0,A/4. 20589,-0.4863374216869257,B96 B98,0
576,0,3,"Patchett, Mr. George",0,-0.8233436520239081,0,0,358585,-0.35646868933346404,B96 B98,0
577,1,2,"Garside, Miss. Ethel",1,0.3309716090811673,0,0,243880,-0.3866707201133388,B96 B98,0
578,1,1,"Silvey, Mrs. William Baird (Alice Munger)",1,0.7157433627828591,1,0,13507,0.4771073601910807,E44,0
579,0,3,"Caram, Mrs. Joseph (Maria Elias)",1,0.0,1,0,2689,-0.3573083057891445,B96 B98,1
580,1,3,"Jussila, Mr. Eiriik",0,0.17706290760049057,0,0,STON/O 2. 3101286,-0.4888542575852486,B96 B98,0
581,1,2,"Christy, Miss. Julie Rachel",1,-0.361617547581878,1,1,237789,-0.04438103794142432,B96 B98,0
583,0,2,"Downton, Mr. William James",0,1.8700586238879346,0,0,28403,-0.12491978668775715,B96 B98,0
584,0,1,"Ross, Mr. John Hugo",0,0.48488031056184405,0,0,13049,0.15948266982273065,A10,1
585,0,3,"Paulner, Mr. Uscher",0,0.0,0,0,3411,-0.47299819142581434,B96 B98,1
587,0,2,"Jarvis, Mr. John Denzil",0,1.3313781687055661,0,0,237565,-0.3464013457401724,B96 B98,0
589,0,3,"Gilinski, Mr. Eliezer",0,-0.5924805998028931,0,0,14973,-0.4863374216869257,B96 B98,0
590,0,3,"Murdlin, Mr. Joseph",0,0.0,0,0,A./5. 3235,-0.4863374216869257,B96 B98,0
591,0,3,"Rintamaki, Mr. Matti",0,0.40792595982150565,0,0,STON/O 2. 3101273,-0.5049620073345151,B96 B98,0
593,0,3,"Elsbury, Mr. William James",0,1.3313781687055661,0,0,A/5 3902,-0.5024451714361923,B96 B98,0
594,0,3,"Bourke, Miss. Mary",1,0.0,0,2,364848,-0.49237782784290063,B96 B98,2
595,0,2,"Chapman, Mr. John Henry",0,0.5618346613021824,1,0,SC/AH 29037,-0.12491978668775715,B96 B98,0
596,0,3,"Van Impe, Mr. Jean Baptiste",0,0.48488031056184405,1,1,345773,-0.1621689579829361,B96 B98,0
597,1,2,"Leitch, Miss. Jessie Wills",1,0.0,0,0,248727,0.016023023618325298,B96 B98,0
598,0,3,"Johnson, Mr. Alfred",0,1.4852868701862427,0,0,LINE,-0.6484216535389205,B96 B98,0
599,0,3,"Boulos, Mr. Hanna",0,0.0,0,0,2664,-0.5029485386158568,B96 B98,1
600,1,1,"Duff Gordon, Sir. Cosmo Edmund (""Mr Morgan"")",0,1.4852868701862427,1,0,PC 17485,0.49782998024351216,A20,1
601,1,2,"Jacobsohn, Mrs. Sidney Samuel (Amy Frances Christy)",1,-0.4385718983222164,2,1,243847,-0.10478509950117394,B96 B98,0
602,0,3,"Slabenoff, Mr. Petco",0,0.0,0,0,349214,-0.4894421904510968,B96 B98,0
603,0,1,"Harrington, Mr. Charles H",0,0.0,0,0,113796,0.2052890831722074,B96 B98,0
604,0,3,"Torber, Mr. Ernst William",0,1.100515116484551,0,0,364511,-0.4863374216869257,B96 B98,0
605,1,1,"Homer, Mr. Harry (""Mr E Haven"")",0,0.40792595982150565,0,0,111426,-0.11384570873513637,B96 B98,1
606,0,3,"Lindell, Mr. Edvard Bengtsson",0,0.48488031056184405,1,0,349910,-0.3353272677875516,B96 B98,0
607,0,3,"Karaic, Mr. Milan",0,0.02315420611981384,0,0,349246,-0.4894421904510968,B96 B98,0
608,1,1,"Daniel, Mr. Robert Williams",0,-0.20770884610120124,0,0,113804,-0.034313694348132716,B96 B98,0
609,1,2,"Laroche, Mrs. Joseph (Juliette Marie Louise Lafargue)",1,-0.5924805998028931,1,2,SC/Paris 2123,0.18876253192945994,B96 B98,1
611,0,3,"Andersson, Mrs. Anders Johan (Alfrida Konstantia Brogren)",1,0.7157433627828591,1,5,347082,-0.01870931177853076,B96 B98,0
612,0,3,"Jardin, Mr. Jose Neto",0,0.0,0,0,SOTON/O.Q. 3101305,-0.5064721088735089,B96 B98,0
613,1,3,"Murphy, Miss. Margaret Jane",1,0.0,1,0,367230,-0.3363340021468808,B96 B98,2
614,0,3,"Horgan, Mr. John",0,0.0,0,0,370377,-0.49237782784290063,B96 B98,2
615,0,3,"Brocklebank, Mr. William Alfred",0,0.40792595982150565,0,0,364512,-0.4863374216869257,B96 B98,0
616,1,2,"Herman, Miss. Alice",1,-0.4385718983222164,1,2,220845,0.6603330135889879,B96 B98,0
617,0,3,"Danbom, Mr. Ernst Gilbert",0,0.3309716090811673,1,1,347080,-0.35848215805212236,B96 B98,0
618,0,3,"Lobb, Mrs. William Arthur (Cordelia K Stanlick)",1,-0.2846631968415396,1,0,A/5. 3336,-0.32425318983493084,B96 B98,0
619,1,2,"Becker, Miss. Marion Louise",1,-1.9776589131289837,2,1,230136,0.13683114673782454,F4,0
620,0,2,"Gavey, Mr. Lawrence",0,-0.2846631968415396,0,0,31028,-0.43700743807979686,B96 B98,0
621,0,3,"Yasbeck, Mr. Antoni",0,-0.20770884610120124,1,0,2659,-0.3573908580066095,B96 B98,1
622,1,1,"Kimball, Mr. Edwin Nelson Jr",0,0.9466064150038742,1,0,11753,0.40974072380221066,D19,0
623,1,3,"Nakid, Mr. Sahid",0,-0.7463893012835698,1,1,2653,-0.33146744825388363,B96 B98,1
624,0,3,"Hansen, Mr. Henry Damsgaard",0,-0.6694349505432314,0,0,350029,-0.4902797934380587,B96 B98,0
625,0,3,"Bowen, Mr. David John ""Dai""",0,-0.6694349505432314,0,0,54636,-0.32425318983493084,B96 B98,0
626,0,1,"Sutton, Mr. Frederick",0,2.4087390790703034,0,0,36963,0.002347544081197954,D50,0
627,0,2,"Kirkland, Rev. Charles Leonard",0,2.1009216761089498,0,0,219533,-0.3997582667846179,B96 B98,2
629,0,3,"Bostandyeff, Mr. Guentcho",0,-0.2846631968415396,0,0,349224,-0.4894421904510968,B96 B98,0
630,0,3,"O'Connell, Mr. Patrick D",0,0.0,0,0,334912,-0.49271407711891657,B96 B98,2
631,1,1,"Barkworth, Mr. Algernon Henry Wilson",0,3.8708717431367323,0,0,27042,-0.04438103794142432,A23,0
632,0,3,"Lundahl, Mr. Johan Svensson",0,1.6391955716669195,0,0,347743,-0.5063875431873253,B96 B98,0
633,1,1,"Stahelin-Maeglin, Dr. Max",0,0.17706290760049057,0,0,13214,-0.034313694348132716,B50,1
634,0,1,"Parr, Mr. William Henry Marsh",0,0.0,0,0,112052,-0.6484216535389205,B96 B98,0
635,0,3,"Skoog, Miss. Mabel",1,-1.5928871594272918,3,2,347088,-0.08666388103324908,B96 B98,0
636,1,2,"Davis, Miss. Mary",1,-0.1307544953608629,0,0,237668,-0.3866707201133388,B96 B98,0
637,0,3,"Leinonen, Mr. Antti Gustaf",0,0.17706290760049057,0,0,STON/O 2. 3101292,-0.4888542575852486,B96 B98,0
638,0,2,"Collyer, Mr. Harvey",0,0.1001085568601522,1,1,C.A. 31921,-0.11988611489111134,B96 B98,0
639,0,3,"Panula, Mrs. Juha (Maria Emilia Ojala)",1,0.8696520642635358,0,5,3101295,0.1506737441786005,B96 B98,0
640,0,3,"Thorneycroft, Mr. Percival",0,0.0,1,0,376564,-0.32425318983493084,B96 B98,0
641,0,3,"Jensen, Mr. Hans Peder",0,-0.7463893012835698,0,0,350050,-0.4902797934380587,B96 B98,0
643,0,3,"Skoog, Miss. Margit Elizabeth",1,-2.1315676146096605,3,2,347088,-0.08666388103324908,B96 B98,0
644,1,3,"Foo, Mr. Choong",0,0.0,0,0,1601,0.48910360681684706,B96 B98,0
645,1,3,"Baclini, Miss. Eugenie",1,-2.2277605530350835,2,1,2666,-0.26066180729354516,B96 B98,1
647,0,3,"Cor, Mr. Liudevit",0,-0.8233436520239081,0,0,349231,-0.4894421904510968,B96 B98,0
648,1,1,"Simonius-Blumer, Col. Oberst Alfons",0,2.0239673253686115,0,0,13213,0.06635974158478332,A26,1
649,0,3,"Willey, Mr. Edward",0,0.0,0,0,S.O./P.P. 751,-0.49640476528021726,B96 B98,0
650,1,3,"Stanley, Miss. Amy Zillah Elsie",1,-0.5155262490625547,0,0,CA. 2314,-0.49640476528021726,B96 B98,0
651,0,3,"Mitkoff, Mr. Mito",0,0.0,0,0,349221,-0.4894421904510968,B96 B98,0
652,1,2,"Doling, Miss. Elsie",1,-0.9002980027642465,0,1,231919,-0.18532384824750675,B96 B98,0
653,0,3,"Kalvik, Mr. Johannes Halvorsen",0,-0.6694349505432314,0,0,8475,-0.47861979608830835,B96 B98,0
654,1,3,"O'Leary, Miss. Hanora ""Norah""",1,0.0,0,0,330919,-0.49078316061772326,B96 B98,2
655,0,3,"Hegarty, Miss. Hanora ""Nora""",1,-0.9002980027642465,0,0,365226,-0.5125125150294839,B96 B98,2
657,0,3,"Radeff, Mr. Alexander",0,0.0,0,0,349223,-0.4894421904510968,B96 B98,0
658,0,3,"Bourke, Mrs. John (Catherine)",1,0.17706290760049057,1,1,364849,-0.3363340021468808,B96 B98,2
659,0,2,"Eitemiller, Mr. George Floyd",0,-0.5155262490625547,0,0,29751,-0.3866707201133388,B96 B98,0
662,0,3,"Badt, Mr. Mohamed",0,0.7926977135231975,0,0,2623,-0.5029485386158568,B96 B98,1
663,0,1,"Colley, Mr. Edward Pomeroy",0,1.3313781687055661,0,0,5727,-0.13322534515222276,E58,0
664,0,3,"Coleff, Mr. Peju",0,0.48488031056184405,0,0,349210,-0.4974960653257301,B96 B98,0
665,1,3,"Lindqvist, Mr. Eino William",0,-0.7463893012835698,1,0,STON/O 2. 3101285,-0.4888542575852486,B96 B98,0
667,0,2,"Butler, Mr. Reginald Fenton",0,-0.361617547581878,0,0,234686,-0.3866707201133388,B96 B98,0
668,0,3,"Rommetvedt, Mr. Knud Paust",0,0.0,0,0,312993,-0.4918744606632361,B96 B98,0
669,0,3,"Cook, Mr. Jacob",0,1.0235607657442125,0,0,A/5 3536,-0.4863374216869257,B96 B98,0
670,1,1,"Taylor, Mrs. Elmer Zebley (Juliet Cummins Wright)",1,0.0,1,0,19996,0.39858208016340624,C126,0
671,1,2,"Brown, Mrs. Thomas William Solomon (Elizabeth Catherine Ford)",1,0.7926977135231975,1,1,29750,0.13683114673782454,B96 B98,0
672,0,1,"Davidson, Mr. Thornton",0,0.1001085568601522,1,0,F.C. 12750,0.39858208016340624,B71,0
673,0,2,"Mitchell, Mr. Henry Michael",0,3.1013282357333485,0,0,C.A. 24580,-0.43700743807979686,B96 B98,0
674,1,2,"Wilhelms, Mr. Charles",0,0.1001085568601522,0,0,244270,-0.3866707201133388,B96 B98,0
675,0,2,"Watson, Mr. Ennis Hastings",0,0.0,0,0,239856,-0.6484216535389205,B96 B98,0
676,0,3,"Edvardsson, Mr. Gustaf Hjalmar",0,-0.9002980027642465,0,0,349912,-0.4918744606632361,B96 B98,0
677,0,3,"Sawyer, Mr. Frederick Charles",0,-0.4000947229520472,0,0,342826,-0.4863374216869257,B96 B98,0
678,1,3,"Turja, Miss. Anna Sofia",1,-0.9002980027642465,0,0,4138,-0.45026210265472455,B96 B98,0
679,0,3,"Goodwin, Mrs. Frederick (Augusta Tyler)",1,1.0235607657442125,1,6,CA 2144,0.2958951755118318,B96 B98,0
681,0,3,"Peters, Miss. Katie",1,0.0,0,0,330935,-0.48457563655809965,B96 B98,2
683,0,3,"Olsvigen, Mr. Thor Anderson",0,-0.7463893012835698,0,0,6563,-0.4626791642426904,B96 B98,0
684,0,3,"Goodwin, Mr. Charles Edward",0,-1.2081154057256,5,2,CA 2144,0.2958951755118318,B96 B98,0
685,0,2,"Brown, Mr. Thomas William Solomon",0,2.3317847283299646,1,1,29750,0.13683114673782454,B96 B98,0
686,0,2,"Laroche, Mr. Joseph Philippe Lemercier",0,-0.361617547581878,1,2,SC/Paris 2123,0.18876253192945994,B96 B98,1
687,0,3,"Panula, Mr. Jaako Arnold",0,-1.2081154057256,4,1,3101295,0.1506737441786005,B96 B98,0
688,0,3,"Dakic, Mr. Branko",0,-0.8233436520239081,0,0,349228,-0.44363577710162005,B96 B98,0
689,0,3,"Fischer, Mr. Eberhard Thelander",0,-0.9002980027642465,0,0,350036,-0.49145565916975514,B96 B98,0
691,1,1,"Dick, Mr. Albert Adrian",0,0.1001085568601522,1,0,17474,0.49925551609632224,B20,0
692,1,3,"Karun, Miss. Manca",1,-1.9776589131289837,0,1,349256,-0.37828059596268965,B96 B98,1
693,1,3,"Lam, Mr. Ali",0,0.0,0,0,1601,0.48910360681684706,B96 B98,0
694,0,3,"Saad, Mr. Khalil",0,-0.361617547581878,0,0,2672,-0.5029485386158568,B96 B98,1
695,0,1,"Weir, Col. John",0,2.3317847283299646,0,0,113800,-0.11384570873513637,B96 B98,0
696,0,2,"Chapman, Mr. Charles Henry",0,1.7161499224072578,0,0,248731,-0.3766033765200472,B96 B98,0
697,0,3,"Kelly, Mr. James",0,1.100515116484551,0,0,363592,-0.4863374216869257,B96 B98,0
698,1,3,"Mullens, Miss. Katherine ""Katie""",1,0.0,0,0,35852,-0.49271407711891657,B96 B98,2
700,0,3,"Humblen, Mr. Adolf Mathias Nicolai Olsen",0,0.9466064150038742,0,0,348121,-0.494391296561559,F G63,0
702,1,1,"Silverthorne, Mr. Spencer Victor",0,0.40792595982150565,0,0,PC 17475,-0.11913106412161445,E24,0
703,0,3,"Barbara, Miss. Saiide",1,-0.9002980027642465,0,1,2691,-0.3573908580066095,B96 B98,1
704,0,3,"Gallagher, Mr. Martin",0,-0.361617547581878,0,0,36864,-0.4925449457465493,B96 B98,2
705,0,3,"Hansen, Mr. Henrik Juul",0,-0.2846631968415396,1,0,350025,-0.4902797934380587,B96 B98,0
706,0,2,"Morley, Mr. Henry Samuel (""Mr Henry Marshall"")",0,0.7157433627828591,0,0,250655,-0.12491978668775715,B96 B98,0
707,1,2,"Kelly, Mrs. Florence ""Fannie""",1,1.1774694672248893,0,0,223596,-0.3766033765200472,B96 B98,0
708,1,1,"Calderhead, Mr. Edward Pennington",0,0.9466064150038742,0,0,PC 17476,-0.11913106412161445,E24,0
710,1,3,"Moubarek, Master. Halim Gonios (""William George"")",0,0.0,1,1,2661,-0.3414522396297103,B96 B98,1
711,1,1,"Mayne, Mlle. Berthe Antonine (""Mrs de Villiers"")",1,-0.4385718983222164,0,0,PC 17482,0.3483299278831318,C90,1
712,0,1,"Klaber, Mr. Herman",0,0.0,0,0,113028,-0.11384570873513637,C124,0
713,1,1,"Taylor, Mr. Elmer Zebley",0,1.4083325194459044,1,0,19996,0.39858208016340624,C126,0
714,0,3,"Larsson, Mr. August Viktor",0,-0.05380014462052453,0,0,7545,-0.457478374542396,B96 B98,0
715,0,2,"Greenberg, Mr. Samuel",0,1.7161499224072578,0,0,250647,-0.3866707201133388,B96 B98,0
716,0,3,"Soholt, Mr. Peter Andreas Lauritz Andersen",0,-0.8233436520239081,0,0,348124,-0.494391296561559,F G73,0
718,1,2,"Troutt, Miss. Edwina Celia ""Winnie""",1,-0.20770884610120124,0,0,34218,-0.43700743807979686,E101,0
719,0,3,"McEvoy, Mr. Michael",0,0.0,0,0,36568,-0.3363340021468808,B96 B98,2
720,0,3,"Johnson, Mr. Malkolm Joackim",0,0.25401725834082894,0,0,347062,-0.4918744606632361,B96 B98,0
721,1,2,"Harper, Miss. Annie Jessie ""Nina""",1,-1.8237502116483069,0,1,248727,0.016023023618325298,B96 B98,0
722,0,3,"Jensen, Mr. Svend Lauritz",0,-0.977252353504585,1,0,350048,-0.5063875431873253,B96 B98,0
723,0,2,"Gillespie, Mr. William Henry",0,0.3309716090811673,0,0,12233,-0.3866707201133388,B96 B98,0
724,0,2,"Hodges, Mr. Henry Price",0,1.5622412209265812,0,0,250643,-0.3866707201133388,B96 B98,0
725,1,1,"Chambers, Mr. Norman Campbell",0,-0.20770884610120124,1,0,113806,0.4207302360686478,E8,0
726,0,3,"Oreskovic, Mr. Luka",0,-0.7463893012835698,0,0,315094,-0.47400492578514347,B96 B98,0
727,1,2,"Renouf, Mrs. Peter Henry (Lillian Jefferys)",1,0.02315420611981384,3,0,31027,-0.22559322262067316,B96 B98,0
728,1,3,"Mannion, Miss. Margareth",1,0.0,0,0,36866,-0.4926295114327329,B96 B98,2
729,0,2,"Bryhl, Mr. Kurt Arnold Gottfrid",0,-0.361617547581878,1,0,236853,-0.12491978668775715,B96 B98,0
730,0,3,"Ilmakangas, Miss. Pieta Sofia",1,-0.361617547581878,1,0,STON/O2. 3101271,-0.4888542575852486,B96 B98,0
732,0,3,"Hassan, Mr. Houssein G N",0,-1.4389784579466152,0,0,2699,-0.2701412180209885,B96 B98,1
733,0,2,"Knight, Mr. Robert J",0,0.0,0,0,239855,-0.6484216535389205,B96 B98,0
734,0,2,"Berriman, Mr. William John",0,-0.5155262490625547,0,0,28425,-0.3866707201133388,B96 B98,0
735,0,2,"Troupiansky, Mr. Moses Aaron",0,-0.5155262490625547,0,0,233639,-0.3866707201133388,B96 B98,0
736,0,3,"Williams, Mr. Leslie",0,-0.0922773199906937,0,0,54636,-0.32425318983493084,B96 B98,0
737,0,3,"Ford, Mrs. Edward (Margaret Ann Watson)",1,1.4083325194459044,1,3,W./C. 6608,0.04370821849987721,B96 B98,0
739,0,3,"Ivanoff, Mr. Kanio",0,0.0,0,0,349201,-0.4894421904510968,B96 B98,0
740,0,3,"Nankoff, Mr. Minko",0,0.0,0,0,349218,-0.4894421904510968,B96 B98,0
741,1,1,"Hawksford, Mr. Walter James",0,0.0,0,0,16988,-0.04438103794142432,D45,0
744,0,3,"McNamee, Mr. Neal",0,-0.4385718983222164,1,0,376566,-0.32425318983493084,B96 B98,0
745,1,3,"Stranden, Mr. Juho",0,0.1001085568601522,0,0,STON/O 2. 3101288,-0.4888542575852486,B96 B98,0
747,0,3,"Abbott, Mr. Rossmore Edward",0,-1.0542067042449232,1,1,C.A. 2673,-0.24069423801061057,B96 B98,0
748,1,2,"Sinkkonen, Miss. Anna",1,0.02315420611981384,0,0,250648,-0.3866707201133388,B96 B98,0
749,0,1,"Marvin, Mr. Daniel Warner",0,-0.8233436520239081,1,0,113773,0.4207302360686478,D30,0
750,0,3,"Connaghton, Mr. Michael",0,0.1001085568601522,0,0,335097,-0.49237782784290063,B96 B98,2
751,1,2,"Wells, Miss. Joan",1,-1.9776589131289837,1,1,29103,-0.18532384824750675,B96 B98,0
752,1,3,"Moor, Master. Meier",0,-1.8237502116483069,0,1,392096,-0.397241430886295,E121,0
753,0,3,"Vande Velde, Mr. Johannes Joseph",0,0.25401725834082894,0,0,345780,-0.45714212526638004,B96 B98,0
754,0,3,"Jonkoff, Mr. Lalio",0,-0.5155262490625547,0,0,349204,-0.4894421904510968,B96 B98,0
755,1,2,"Herman, Mrs. Samuel (Jane Laver)",1,1.4083325194459044,1,2,220845,0.6603330135889879,B96 B98,0
756,1,2,"Hamalainen, Master. Viljo",0,-2.23391690109431,1,1,250649,-0.35646868933346404,B96 B98,0
757,0,3,"Carlsson, Mr. August Sigfrid",0,-0.1307544953608629,0,0,350042,-0.49145565916975514,B96 B98,0
758,0,2,"Bailey, Mr. Percy Andrew",0,-0.9002980027642465,0,0,29108,-0.41687275089321363,B96 B98,0
759,0,3,"Theobald, Mr. Thomas Leonard",0,0.3309716090811673,0,0,363294,-0.4863374216869257,B96 B98,0
761,0,3,"Garfirth, Mr. John",0,0.0,0,0,358585,-0.35646868933346404,B96 B98,0
762,0,3,"Nirva, Mr. Iisakki Antino Aijo",0,0.8696520642635358,0,0,SOTON/O2 3101272,-0.5049620073345151,B96 B98,0
763,1,3,"Barah, Mr. Hanna Assi",0,-0.7463893012835698,0,0,2663,-0.5028639729296732,B96 B98,1
765,0,3,"Eklund, Mr. Hans Linus",0,-1.0542067042449232,0,0,347074,-0.4918744606632361,B96 B98,0
767,0,1,"Brewe, Dr. Arthur Jackson",0,0.0,0,0,112379,0.1489119590497745,B96 B98,1
768,0,3,"Mangan, Miss. Mary",1,0.061631381489983025,0,0,364850,-0.49237782784290063,B96 B98,2
769,0,3,"Moran, Mr. Daniel J",0,0.0,1,0,371110,-0.1621689579829361,B96 B98,2
770,0,3,"Gronnestad, Mr. Daniel Danielsen",0,0.17706290760049057,0,0,8471,-0.4800453319411184,B96 B98,0
771,0,3,"Lievens, Mr. Rene Aime",0,-0.4385718983222164,0,0,345781,-0.45714212526638004,B96 B98,0
772,0,3,"Jensen, Mr. Niels Peder",0,1.4083325194459044,0,0,350047,-0.4902797934380587,B96 B98,0
773,0,2,"Mack, Mrs. (Mary)",1,2.1009216761089498,0,0,S.O./P.P. 3,-0.43700743807979686,E77,0
774,0,3,"Elias, Mr. Dibo",0,0.0,0,0,2674,-0.5029485386158568,B96 B98,1
775,1,2,"Hocking, Mrs. Elizabeth (Eliza Needs)",1,1.8700586238879346,1,3,29105,-0.18532384824750675,B96 B98,0
776,0,3,"Myhrman, Mr. Pehr Fabian Oliver Malkolm",0,-0.9002980027642465,0,0,347078,-0.49237782784290063,B96 B98,0
777,0,3,"Tobin, Mr. Roger",0,0.0,0,0,383121,-0.49237782784290063,F38,2
778,1,3,"Emanuel, Miss. Virginia Ethel",1,-1.9007045623886454,0,0,364516,-0.397241430886295,B96 B98,0
779,0,3,"Kilgannon, Mr. Thomas J",0,0.0,0,0,36865,-0.4926295114327329,B96 B98,2
781,1,3,"Ayoub, Miss. Banoura",1,-1.2850697564659384,0,0,2687,-0.5028639729296732,B96 B98,1
782,1,1,"Dick, Mrs. Albert Adrian (Vera Gillespie)",1,-0.977252353504585,1,0,17474,0.49925551609632224,B20,0
783,0,1,"Long, Mr. Milton Clyde",0,-0.05380014462052453,0,0,113501,-0.04438103794142432,D6,0
784,0,3,"Johnston, Mr. Andrew G",0,0.0,1,2,W./C. 6607,-0.17626323901354432,B96 B98,0
785,0,3,"Ali, Mr. William",0,-0.361617547581878,0,0,SOTON/O.Q. 3101312,-0.5064721088735089,B96 B98,0
786,0,3,"Harmer, Mr. Abraham (David Lishin)",0,-0.361617547581878,0,0,374887,-0.5024451714361923,B96 B98,0
787,1,3,"Sjoblom, Miss. Anna Sofia",1,-0.9002980027642465,0,0,3101265,-0.4974960653257301,B96 B98,0
788,0,3,"Rice, Master. George Hugh",0,-1.6698415101676303,4,1,382652,-0.06199888922968463,B96 B98,2
789,1,3,"Dean, Master. Bertram Vere",0,-2.208521965349999,1,2,C.A. 2315,-0.23415046467497105,B96 B98,0
791,0,3,"Keane, Mr. Andrew ""Andy""",0,0.0,0,0,12460,-0.49237782784290063,B96 B98,2
792,0,2,"Gaskell, Mr. Alfred",0,-1.0542067042449232,0,0,239865,-0.12491978668775715,B96 B98,0
794,0,1,"Hoyt, Mr. William Fisher",0,0.0,0,0,PC 17600,-0.030371322596999754,B96 B98,1
795,0,3,"Dantcheff, Mr. Ristiu",0,-0.361617547581878,0,0,349203,-0.4894421904510968,B96 B98,0
796,0,2,"Otter, Mr. Richard",0,0.7157433627828591,0,0,28213,-0.3866707201133388,B96 B98,0
797,1,1,"Leader, Dr. Alice (Farnham)",1,1.4852868701862427,0,0,17465,-0.1263453225405672,D17,0
798,1,3,"Osman, Mrs. Mara",1,0.1001085568601522,0,0,349244,-0.4735861242916626,B96 B98,0
799,0,3,"Ibrahim Shawah, Mr. Yousseff",0,0.02315420611981384,0,0,2685,-0.5028639729296732,B96 B98,1
800,0,3,"Van Impe, Mrs. Jean Baptiste (Rosalie Paula Govaert)",1,0.02315420611981384,1,1,345773,-0.1621689579829361,B96 B98,0
801,0,2,"Ponesell, Mr. Martin",0,0.3309716090811673,0,0,250647,-0.3866707201133388,B96 B98,0
802,1,2,"Collyer, Mrs. Harvey (Charlotte Annie Tate)",1,0.1001085568601522,1,1,C.A. 31921,-0.11988611489111134,B96 B98,0
804,1,3,"Thomas, Master. Assad Alexander",0,-2.2531554887793948,0,1,2625,-0.47694056317694733,B96 B98,1
805,1,3,"Hedman, Mr. Oskar Arvid",0,-0.20770884610120124,0,0,347089,-0.5079822104125026,B96 B98,0
806,0,3,"Johansson, Mr. Karl Johan",0,0.1001085568601522,0,0,347063,-0.4918744606632361,B96 B98,0
807,0,1,"Andrews, Mr. Thomas Jr",0,0.7157433627828591,0,0,112050,-0.6484216535389205,A36,0
808,0,3,"Pettersson, Miss. Ellen Natalia",1,-0.9002980027642465,0,0,347087,-0.4918744606632361,B96 B98,0
809,0,2,"Meyer, Mr. August",0,0.7157433627828591,0,0,248723,-0.3866707201133388,B96 B98,0
810,1,1,"Chambers, Mrs. Norman Campbell (Bertha Griggs)",1,0.25401725834082894,1,0,113806,0.4207302360686478,E8,0
811,0,3,"Alexander, Mr. William",0,-0.2846631968415396,0,0,3474,-0.4896093083547455,B96 B98,0
812,0,3,"Lester, Mr. James",0,0.7157433627828591,0,0,A/4 48871,-0.1621689579829361,B96 B98,0
813,0,2,"Slemen, Mr. Richard James",0,0.40792595982150565,0,0,28206,-0.43700743807979686,B96 B98,0
814,0,3,"Andersson, Miss. Ebba Iris Alfrida",1,-1.8237502116483069,4,2,347082,-0.01870931177853076,B96 B98,0
815,0,3,"Tomlin, Mr. Ernest Portage",0,0.061631381489983025,0,0,364499,-0.4863374216869257,B96 B98,0
816,0,1,"Fry, Mr. Richard",0,0.0,0,0,112058,-0.6484216535389205,B102,0
817,0,3,"Heininen, Miss. Wendla Maria",1,-0.5155262490625547,0,0,STON/O2. 3101290,-0.4888542575852486,B96 B98,0
818,0,2,"Mallet, Mr. Albert",0,0.1001085568601522,1,1,S.C./PARIS 2079,0.09664633805084172,B96 B98,1
819,0,3,"Holm, Mr. John Fredrik Alexander",0,1.0235607657442125,0,0,C 7075,-0.5185529211854588,B96 B98,0
820,0,3,"Skoog, Master. Karl Thorsten",0,-1.5159328086869535,3,2,347088,-0.08666388103324908,B96 B98,0
822,1,3,"Lulic, Mr. Nikola",0,-0.20770884610120124,0,0,315098,-0.47400492578514347,B96 B98,0
823,0,1,"Reuchlin, Jonkheer. John George",0,0.6387890120425208,0,0,19972,-0.6484216535389205,B96 B98,0
824,1,3,"Moor, Mrs. (Beila)",1,-0.20770884610120124,0,1,392096,-0.397241430886295,E121,0
825,0,3,"Panula, Master. Urho Abraham",0,-2.1315676146096605,4,1,3101295,0.1506737441786005,B96 B98,0
826,0,3,"Flynn, Mr. John",0,0.0,0,0,368323,-0.5084855775921673,B96 B98,2
827,0,3,"Lam, Mr. Len",0,0.0,0,0,1601,0.48910360681684706,B96 B98,0
828,1,2,"Mallet, Master. Andre",0,-2.208521965349999,0,2,S.C./PARIS 2079,0.09664633805084172,B96 B98,1
829,1,3,"McCormack, Mr. Thomas Joseph",0,0.0,0,0,367228,-0.49237782784290063,B96 B98,2
831,1,3,"Yasbeck, Mrs. Antoni (Selini Alexander)",1,-1.1311610549852615,1,0,2659,-0.3573908580066095,B96 B98,1
832,1,2,"Richards, Master. George Sibley",0,-2.2216042049758564,1,1,29106,-0.2708962687904854,B96 B98,0
833,0,3,"Saad, Mr. Amin",0,0.0,0,0,2671,-0.5028639729296732,B96 B98,1
834,0,3,"Augustsson, Mr. Albert",0,-0.5155262490625547,0,0,347468,-0.4902797934380587,B96 B98,0
835,0,3,"Allum, Mr. Owen George",0,-0.9002980027642465,0,0,2223,-0.48130374989027985,B96 B98,0
837,0,3,"Pasic, Mr. Jakob",0,-0.6694349505432314,0,0,315097,-0.47400492578514347,B96 B98,0
838,0,3,"Sirota, Mr. Maurice",0,0.0,0,0,392092,-0.4863374216869257,B96 B98,0
839,1,3,"Chip, Mr. Chang",0,0.17706290760049057,0,0,1601,0.48910360681684706,B96 B98,0
840,1,1,"Marechal, Mr. Pierre",0,0.0,0,0,11774,-0.05042144409739929,C47,1
841,0,3,"Alhomaki, Mr. Ilmari Rudolf",0,-0.7463893012835698,0,0,SOTON/O2 3101287,-0.4888542575852486,B96 B98,0
842,0,2,"Mudd, Mr. Thomas Charles",0,-1.0542067042449232,0,0,S.O./P.P. 3,-0.43700743807979686,B96 B98,0
843,1,1,"Serepeca, Miss. Augusta",1,0.02315420611981384,0,0,113798,-0.024246350754841113,B96 B98,1
844,0,3,"Lemberopolous, Mr. Peter L",0,0.3694487844513365,0,0,2683,-0.5188046047752911,B96 B98,1
845,0,3,"Culumovic, Mr. Jeso",0,-0.977252353504585,0,0,315090,-0.47400492578514347,B96 B98,0
846,0,3,"Abbing, Mr. Anthony",0,0.9466064150038742,0,0,C.A. 5547,-0.49640476528021726,B96 B98,0
848,0,3,"Markoff, Mr. Marin",0,0.40792595982150565,0,0,349213,-0.4894421904510968,B96 B98,1
849,0,2,"Harper, Rev. John",0,-0.1307544953608629,0,1,248727,0.016023023618325298,B96 B98,0
851,0,3,"Andersson, Master. Sigvard Harald Elias",0,-1.9776589131289837,4,2,347082,-0.01870931177853076,B96 B98,0
852,0,3,"Svensson, Mr. Johan",0,3.409145638694702,0,0,347060,-0.4918744606632361,B96 B98,0
853,0,3,"Boulos, Miss. Nourelain",1,-1.5928871594272918,1,1,2678,-0.3414522396297103,B96 B98,1
854,1,1,"Lines, Miss. Mary Conover",1,-1.0542067042449232,0,1,PC 17592,0.14488502161245778,D28,0
855,0,2,"Carter, Mrs. Ernest Courtenay (Lilian Hughes)",1,1.100515116484551,1,0,244252,-0.12491978668775715,B96 B98,0
856,1,3,"Aks, Mrs. Sam (Leah Rosen)",1,-0.9002980027642465,0,1,392091,-0.4601623283443675,B96 B98,0
858,1,1,"Daly, Mr. Peter Denis ",0,1.6391955716669195,0,0,113055,-0.11384570873513637,E17,0
859,1,3,"Baclini, Mrs. Solomon (Latifa Qurban)",1,-0.4385718983222164,0,3,2666,-0.26066180729354516,B96 B98,1
860,0,3,"Razi, Mr. Raihed",0,0.0,0,0,2629,-0.5028639729296732,B96 B98,1
861,0,3,"Hansen, Mr. Claus Peter",0,0.8696520642635358,2,0,350026,-0.36435544630444866,B96 B98,0
862,0,2,"Giles, Mr. Frederick Edward",0,-0.6694349505432314,1,0,28134,-0.41687275089321363,B96 B98,0
863,1,1,"Swift, Mrs. Frederick Joel (Margaret Welles Barron)",1,1.4083325194459044,0,0,17466,-0.1263453225405672,D17,0
865,0,2,"Gill, Mr. John William",0,-0.4385718983222164,0,0,233866,-0.3866707201133388,B96 B98,0
866,1,2,"Bystrom, Mrs. (Karolina)",1,0.9466064150038742,0,0,236852,-0.3866707201133388,B96 B98,0
867,1,2,"Duran y More, Miss. Asuncion",1,-0.20770884610120124,1,0,SC/PARIS 2149,-0.3693891181010945,B96 B98,1
868,0,1,"Roebling, Mr. Washington Augustus II",0,0.1001085568601522,0,0,PC 17590,0.3682954836973478,A24,0
869,0,3,"van Melkebeke, Mr. Philemon",0,0.0,0,0,345777,-0.45714212526638004,B96 B98,0
870,1,3,"Johnson, Master. Harold Theodor",0,-1.9776589131289837,1,1,347742,-0.4242561406845337,B96 B98,0
871,0,3,"Balkic, Mr. Cerin",0,-0.2846631968415396,0,0,349248,-0.4894421904510968,B96 B98,0
872,1,1,"Beckwith, Mrs. Richard Leonard (Sallie Monypeny)",1,1.3313781687055661,1,1,11751,0.40974072380221066,D35,0
873,0,1,"Carlsson, Mr. Frans Olof",0,0.25401725834082894,0,0,695,-0.5477482176060045,B51 B53 B55,0
874,0,3,"Vander Cruyssen, Mr. Victor",0,1.3313781687055661,0,0,345765,-0.46720946885967163,B96 B98,0
875,1,2,"Abelson, Mrs. Samuel (Hannah Wizosky)",1,-0.1307544953608629,1,0,P/PP 3381,-0.16518916106092355,B96 B98,1
876,1,3,"Najib, Miss. Adele Kiamie ""Jane""",1,-1.1311610549852615,0,0,2667,-0.5029485386158568,B96 B98,1
877,0,3,"Gustafsson, Mr. Alfred Ossian",0,-0.7463893012835698,0,0,7534,-0.45017955043725955,B96 B98,0
878,0,3,"Petroff, Mr. Nedelio",0,-0.8233436520239081,0,0,349212,-0.4894421904510968,B96 B98,0
879,0,3,"Laleff, Mr. Kristo",0,0.0,0,0,349217,-0.4894421904510968,B96 B98,0
881,1,2,"Shelley, Mrs. William (Imanita Parrish Hall)",1,-0.361617547581878,0,1,230433,-0.12491978668775715,B96 B98,0
882,0,3,"Markun, Mr. Johann",0,0.25401725834082894,0,0,349257,-0.4894421904510968,B96 B98,0
883,0,3,"Dahlberg, Miss. Gerda Ulrika",1,-0.5924805998028931,0,0,7552,-0.4366711888037809,B96 B98,0
884,0,2,"Banfield, Mr. Frederick James",0,-0.1307544953608629,0,0,C.A./SOTON 34068,-0.43700743807979686,B96 B98,0
885,0,3,"Sutehall, Mr. Henry Jr",0,-0.361617547581878,0,0,SOTON/OQ 392076,-0.5064721088735089,B96 B98,0
886,0,3,"Rice, Mrs. William (Margaret Norton)",1,0.7157433627828591,0,5,382652,-0.06199888922968463,B96 B98,2
887,0,2,"Montvila, Rev. Juozas",0,-0.20770884610120124,0,0,211536,-0.3866707201133388,B96 B98,0
888,1,1,"Graham, Miss. Margaret Edith",1,-0.8233436520239081,0,0,112053,-0.04438103794142432,B42,0
889,0,3,"Johnston, Miss. Catherine Helen ""Carrie""",1,0.0,1,2,W./C. 6607,-0.17626323901354432,B96 B98,0
890,1,1,"Behr, Mr. Karl Howell",0,-0.2846631968415396,0,0,111369,-0.04438103794142432,C148,1
891,0,3,"Dooley, Mr. Patrick",0,0.17706290760049057,0,0,370376,-0.49237782784290063,B96 B98,2
